autor,jahr,ort,titel,umfang
Antonin,1487,Speyer,Summa theologica P. 1-4,P. 1: 274 Bl. - P. 2: 358 Bl. - P. 3: 490 Bl. - P. 4: 366 Bl. - Tabula: 136 Bl.
,1486-1487,Nürnberg,"Biblia, lat.",P. 1: 468. - P. 2: 370. - P. 3: 348. - P. 4: 384 Bl.
Johannes,21.08.1486,Nürnberg,Catholicon,328 Bl.
"Bolognino, Lodovico",10.01.1486,Bologna,Collectio florum Decretorum,152 Bll.
"Ptolemaeus, Claudius",21.07.1486,Ulm,Cosmographia,"140 Bl., 32 Kt. (je 1 Doppelbl.)"
Bernhard,28.08.1486,Zwolle,De consideratione,60 Bl.
Nicolaus,1486,Padua,De latitudinibus formarum,20 Bl.
Nicolaus,21.10.1486,Straßburg,De sacramentis,76 Bl.
"Tinctoris, Nikolaus",11.06.1486,[Reutlingen],Dicta super Summulas Petri Hispani,222 Bl.
Thomas,20.11.1486,Augsburg,Die wahre Nachfolgung Christi,198 Bl.
Eusebius,27.10.1486,[Delft],Epistola de morte Hieronymi etc.,73 Blätter
Pius,17.06.1486,Nürnberg,Epistolae familiares,246 Bl.
,14.10.1486,Straßburg,Historia Alexandri Magni,38 Bl.
Johannes,1486,[Köln],Historia trium regum,110 Bl.
Johannes,1486,Köln,Homiliae super Johannem,194 Bl.
Martinus,01.09.1486,Strassburg,Margarita decreti,120 Bl.
Reinerus,12.09.1486,Venedig,Pantheologia sive Summa universae theologiae,P. 1: 308 Bl. - P. 2: 322 Bl.
"Breydenbach, Bernhard von",11.02.1486,Mainz,Peregrinatio in terram sanctam,164 Blätter
Guilelmus,1486,Ulm,Postilla super epistolas et evangelia,212 Bl.
Thomas,31.05.1486,Venedig,Quaestiones de duodecim quodlibet,152 Bl.
"Durantis, Guilelmus",1486,Straßburg,Rationale divinorum officiorum,276 Bl.
"Breydenbach, Bernhard von",21.06.1486,Mainz,Reise ins heilige Land,180 Blätter
"Crescentiis, Petrus de",09.03.1486,Straßburg,Ruralia commoda,148 Bl.
Petrus,28.02.1486 (?),Basel,Sententiarum libri IV,230 Bl.
"Augustinus, Aurelius",05.01.1486,Brescia,Sermones ad fratres in eremo,172 Bl.
"Durantis, Guilelmus",1486,Venedig,Speculum iudiciale,P. 1: 110 Bl. - P. 2: 176 Bl. - P. 3/4: 162 Bl. - Inventarium: 80 Bl.
Angelus,13.05.1486,Chivasso,Summa angelica de casibus conscientiae,388 Blätter
Thomas,10.04.1486,Venedig,Summa theologiae P. 3,230 Bl.
Antonin,1486,Nürnberg,Summa theologica P. 1-4,P. 1: 186 Bl. - P. 2: 240 Bl. - P. 3: 320 Bl. - P. 4: 256 Bl. - Tabula: 100 Bl.
Thomas,21.06.1486,Venedig,Super primo libro Sententiarum,150 Bl.
,01.07.1486,Nürnberg,Viola sanctorum,108 Bl.
,1486 ?,[S.l.] @,Xiao jing,1 Heft
,1485,Nürnberg,"Biblia, lat.",P. 1: 468 Bl. - P. 2: 370 Bl. - P. 3: 348 Bl. - P. 4: 386 Bl.
Guarinus,1485,Pisa,Carmina differentialia,58 Bl.
Hyginus,22.01.1485,Venedig,Clarissimi Viri Hyginii Poeticon Astronomicon. Opvs Vtilissimum Foeliciter Incipit De mundi & sph[a]er[a]e ac utriusq[ue] p[ar]tiu[m] declaratione,"56 Bl. a-g8 [unvollst., es fehlen Bl. 33 - 56]"
Bartholomaeus,1485,[Heidelberg],Confessionale,104 Bl.
Jacobus,1485,Köln,Dat duytsche Passionael,"P. 1: 251 Bl., P. 2: 251 Bl."
Bartholomaeus,14.02.1485,Straßburg,De proprietatibus rerum,300 Bl.
Johannes,28.09.1485,Straßburg,Expositio super toto psalterio,98 Bl.
"Cuba, Johannes von",28.03.1485,Mainz,Gart der Gesundheit,360 Blätter
Petrus,1485,Straßburg,Historia scholastica,232 Bl.
,[ca. 1485],Nürnberg,Indulgentiae et beneficia benefactoribus hospitalis ordinis S. Spiritus in Roma concessa,"1 Bl. eins. bedr.,  21 Z."
Nicolaus,1485,Nürnberg,Lectura super V libris Decretalium,P. 1: 214 Bl. - P. 2: 210 Bl. - P. 3: 134 Bl. - P. 4: 130 Bl. - P. 5: 210 Bl. - P. 6: 162 Bl.
,[um 1485],[Strassburg],Lucidarius,24 Blätter
,[ca. 1485],[Köln],Mensa philosophica,96 Bl.
"Gellius, Aulus",03.03.1485,Brescia,Noctes Atticae,192 Bl.
Johannes,1485,Venedig,Noviciis Adolescentibvs: Ad Astronomicam rempu. capessenda[m] aditu[m] i[m]petra[n]tib[us] ... Ioannis de sacro busto sph[a]ericum opusculu[m] Georgiiq[ue] Purbachii i[n] mot[us] planetaru[m] accuratiss. theoric[a]e Necno[n] contra Cremonensia in eorunde[m] planetaru[m] theoricas delirame[n]ta Ioa[n]nis de mo[n]te regio disputatio[n]es ... opus utili serie contextu[m] inchoat,58 Bl.
"Caracciolo, Roberto",1485,Venedig,Opera,386 Bl.
Firminus,1485,Venedig,Opusculum repertorii prognosticon in mutationes aeris,50 Bl.
Nicolaus,[ca. 1485],Köln,Postilla super totam Bibliam,444 Bl.
Nicolaus,[ca. 1485],Köln,Postilla super totam Bibliam,610 Bl.
Nicolaus,[ca. 1485],Köln,Postilla super totam Bibliam,588 Bl.
,1485,[Würzburg],Psalterium latinum,280 Bl.
Ambrosius,11.04.1485,Venedig,Quadragesimale de floribus sapientiae,410 Bl.
Thomas,24.11.1485,Köln,Quaestiones de duodecim quodlibet,154 Bl.
Leo,03.03.1485,Venedig,Sermones,106 Bl.
Eberhardus,21.01.1485,Heidelberg,Sermones de sanctis,286 Bl.
Meffreth,1485,Basel,Sermones de tempore et de sanctis sive Hortulus reginae,P. 1: 232 Bl. - P. 2: 316 Bl. - P. 3: 198 Bl.
Johannes,15.09.1485,Straßburg,Sermones Dormi secure de tempore et de sanctis,96 Bl.
Thomas,1485,Basel,Summa theologiae P. 1-3,"P. 1: 176 Bl. - P. 2,1: 164 Bl. - P. 2,2: 242 Bl. - P. 3: 159 Bl."
Antonin,1485,Basel,Summa theologica P. 1-4,P. 1: 246 Bl. - P. 2: 322 Bl. - P. 3: 448 Bl. - P. 4: 372 Bl. - Tabula: 132 Bl.
"Kölner, Johannes",01.02.1465 [vielm. 1485],Köln,Summarium textuale et conclusiones super Sextum,256 Bl.
,10.12.1484,Augsburg,Auslegung der heiligen Messe,106 Blätter
Johannes,02.06.1484,Ulm,"Buch der Weisheit, oder der alten Weisen",204 Blätter
Antonin,1484,[Straßburg],Confessionale Defecerunt scrutantes scrutinio,126 Bl.
"Dal Maino, Giasone",16.02.1484,Pavia,"De iure emphyteutico (Cod. 4,66)",76 Bl.
Gratianus,04.09.1484,[Straßburg],Decretum,452 Bl.
,29.07.1484,Augsburg,Formulare und deutsch Rhetorica,158 Blöätter
,19.07.1484,Delft,Getijdenboek (Almanach 1480–1521),"P.1: 190 Bl., P.2: 48 Bl."
,[14]84,Mainz,Herbarius,174 Blätter
Stephan,23.06.1484,Augsburg,Himmelstrasse,220 Bl.
,1484,[Venedig],Libri venales Venetiis impressi [Bücheranzeige (Buchführeranzeige)],1 Bl.
,1484,Straßburg,Martyrologium,68 Blätter
,1484,Nürnberg,Missale Romanum,254 Bl.
,1484,[Speyer],Modus legendi abbreviaturas [u.a.],146 Bl.
,05.06.1484,Nürnberg,Reformation der Stadt Nürnberg,214 Blätter
"Caracciolo, Roberto",1484,Straßburg,"Sermones de adventu, Sermo de S. Joseph, Sermo de beatitudine, Sermones de divina caritate, Sermones de immortalitate animae. Enth. außerdem: Dominicus Bollanus: De conceptione B.  of Sixtus IV of 27 Feb. 1476 (GW)",118 Bl.
Jacobus,10.04.1484,Augsburg,Sermones de sanctis,206 Bl.
Konrad,13.04.1484,Straßburg,Sermones de sanctis,192 Bl.
Henricus,1484,[Speyer],"Sermones de tempore, de sanctis, de tribus partibus poenitentiae et de adventu",428 Bl.
Petrus,1484,Straßburg,Sermones thesauri novi de sanctis,310 Bl.
,1484,[Straßburg],Statuta provincialia Moguntinensia,52 Bl.
Johannes,12.11.1484,Ulm,Summa confessorum,200 Blätter
Albertus,16.10.1484,Winterberg,Summa de eucharistiae sacramento,110 Bl.
Antonin,06.07.1484,[Köln],Summa theologica,218 Bl.
"Kölner, Johannes",27.10.1484,Köln,Summarium textuale et conclusiones super Clementinas et Decretales extravagantes Johannis XXII,108 Bl.
Aristeas,1483,Erfurt,Ad Philocratem de septuaginta interpretibus,32 Bl.
,[ca. 1483/84],[Nürnberg],[Almanach für Nürnberg auf das Jahr 1484],"1 Blatt, einseitig bedruckt"
Thomas,1483,Memmingen,Ars praedicandi,12 Bl.
,17.02.1483,Nürnberg,"Biblia, deutsch",586 Blätter
,Montag nach Invocavit [17.02.]1483,Nürnberg,"Biblia, deutsch","2 Bände, 586 Blätter"
Arnoldus,26.04.1483,Mailand,Breviarium practicae,146 Bl.
Marquard,1483,Venedig,Buch der zehn Gebote,82 Bl.
Johannes,18.02.1483,Nürnberg,Catholicon,394 Bll.
Eusebius,13.09.1483,Venedig,Chronicon,182 Bl.
Ulrich,02.09.1483,Augsburg,Concilium zu Costencz,250 Blätter
Antonin,1483,Memmingen,Confessionale Defecerunt scrutantes scrutinio,96 Bl.
,1483,[Köln],Cordiale quattuor novissimorum,68 Bl. (das letzte leer)
Vincentius,1483,[Nürnberg],De fine mundi,12 Bl.
"Moesch, Johannes",1483,Basel,De horis canonicis dicendis,60 Bl.
,1474,Basel,"Biblia, lat.",220 Bl.
,1474,Basel,"Biblia, lat.",216 Bl.
,1474,Basel,"Biblia, lat.",468 Bl.
Conradus,1474,[Straßburg],Concordantiae bibliorum,417 Bl.
,1474,[Marienthal],Constitutiones congregationis Bursfeldensis ordinis S. Benedictini sive Cerimoniale monachorum ord. S. Benedicti,112 Bl.
Ambrosius,[ca. 1474],[Straßburg],De conflictu vitiorum et virtutum,8 Bl.
Bernardinus,1474,[Straßburg],De contractibus et usuris,170 Bl.
"Valla, Lorenzo",[ca. 1474],[Strassburg],De libero arbitrio aliaque opuscula,10 ungezählte Blätter
Thomas,[ca. 1474],[Burgdorf],De periculis contingentibus,6 Bl.
Alvarus,26.10.1474,Ulm,De planctu ecclesiae,407 Bl.
Conradus,[nicht vor 1474],Mainz,De psalmodia perficienda et modo legendi in choro,2 Bl. [a²]
Jacobus,1474,Basel,De veritate dicenda aut tacenda,20 Bl.
Gratianus,28.06.1474,Venedig,Decretum,390 Blätter
Guilelmus,1474,Köln,Diaeta salutis,70 Bl.
Alanus,[ca. 1474],Straßburg,Distinctiones dictionum theologicalium,96 Bl.
"Regiomontanus, Johannes",1474,[Nürnberg],"Ephemerides, 1475-1506",448 Bl.
Gasparinus,1474,Basel,Epistolae,54 Bl.
Bernhard,1474,[Straßburg],Epistolae [u. a.],90 Bl.
Thomas,1474,[Esslingen],Expositio (Postilla) in Job,107 Bl.
Johannes,11.09.1474,Mainz,Expositio super toto psalterio,173 Bl.
"Rolevinck, Werner",nicht vor 1474,[Köln],Fasciculus temporum,174 Bl.
Nicolaus,27.10.1474,Köln,Glossae Clementinae,84 Bl.
Salomon,[ca. 1474],[Augsburg],Glossae ex illustrissimis auctoribus collectae,290 Bl.
Georgius,[ca. 1474],[Venedig],In librum de homine Martii Galeotti opus,82 Bl.
"Berchorius, Petrus",09.04.1474,Ulm,Liber Bibliae moralis,266 Bl.
"Berchorius, Petrus",07.10.1474,Straßburg,Liber Bibliae moralis,304 Bl.
Innozenz,[evtl. vor 1474],[Blaubeuren ?],"Liber de contemptu mundi, sive De miseria humanae conditionis",36 Bl.
Albertus,1474,[Strassburg],Mariale,66 Bl.
Andreas,[ca. 1474/1475],[Blaubeuren ?],Modus confitendi,16 Bl.
"Lactantius, Lucius Caecilius Firmianus",12.02.1474,Rom,Opera,260 Blätter
Reinerus,1474,[Augsburg],Pantheologia sive Summa universae theologiae,P. 1: 509 Bl. - P. 2: 484 Bl.
,1474,Augsburg,"Plenarium, deutsch",2 Bände
Thomas,15.04.1474,Nürnberg,Quaestiones de duodecim quodlibet,136 Bl.
"Augustinus, Aurelius",[ca. 1474],[Köln],Sermo super orationem dominicam,8 Bl.
Leonardus,1474,[Augsburg],Sermones aurei de sanctis,432 Bl.
Bonaventura,1474,[Straßburg],Soliloquium,25 Bl.
Henricus,10. 09.1474,Mainz,Speculum aureum decem praeceptorum Dei,408 Bl.
Vinzenz,1474,[Augsburg],Speculum historiale,Pars 1-3
"Durantis, Guilelmus",15.03.1474,Rom,Speculum iudiciale,P. 1: 252 Bl. - P. 2: 400 Bl. - P. 3/4: 378 Bl.
Thomas,1474,[Straßburg],Summa contra gentiles sive De veritate catholicae fidei,248 Bl.
Thomas,[ca. 1474],Basel,"Summa theologiae, P. 3",270 Bl.
Ludolphus,1474,[Straßburg],Vita Christi,P. 1: 196 Bl. - P. 2: 198 Bl.
Iodocus,1474,Basel,Vocabularius iuris utriusque,310 Bl.
,1473,[Nürnberg],Ars et modus contemplativae vitae,32 Bl.
Aegidius,[ca. 1473],[Köln],Aurea verba,24 Bl.
Bonaventura,1473,[Straßburg],Breviloquium,82 Bl.
Albertus,[nach 23.08.1473],[Speyer],Compendium theologicae veritatis,188 Bl.
Johannes,[ca. 1473],[Ulm],De adhaerendo Deo,40 Bl.
Thomas,[ca. 1473],Köln,De beatitudine aeternitatis,36 Bl.
"Augustinus, Aurelius",05.09.1473,Mainz,De civitate Dei,365 Bl.
"Boccaccio, Giovanni","[nicht vor 15.08.1473, nicht nach 28.03.1474]",Ulm,De claris mulieribus,148 Blätter
Innozenz,[ca. 1473],[Köln],De contemptu mundi sive De vilitate conditionis humanae,48 Bll.
Richardus,1473,[Straßburg],De laudibus Mariae,214 Bl. + 1 Bl (nach Bl. h2)
Henricus,1473,Straßburg,De quattuor virtutibus cardinalibus,148 Bl.
"Burlaeus, Gualterus",1473,[Nürnberg],De vita et moribus philosophorum,94 Bl.
Gregor,23.11.1473,Mainz,Decretales,305 Bl.
Gregor,1473,[Augsburg],Dialogi [etc.],193 Bll.
Isidorus,[1473?],Strassburg,Etymologiae,142 Bl.
Henricus,1473,[Köln],Expositio super Ave Maria,14 Bl.
Petrus,1473,Straßburg,Historia scholastica,254 Bl.
Innozenz,[ca. 1473],[Straßburg],Liber de contemptu mundi sive De miseria humanae conditionis,80 Bl.
Bonifatius,05.04.1473,Mainz,Liber sextus Decretalium,162 Bl.
Gallus,1473,[Straßburg],Malogranatum,216 Bl.
"Stoer, Nicolaus",1473,[Strassburg],Officii missae sacrique canonis expositio,182 Bl.
Franciscus,1473,Padua,"Opus restitutionum, usurarum, excommunicationum",174 Bl.
Reinerus,08.04.1473,Nürnberg,Pantheologia,865 Bl.
"Durantis, Guilelmus",03.12.1473,Ulm,Rationale divinorum officiorum,269 Bl.
Guido,[ca. 1473],[Straßburg],Rosarium decretorum,404 Bl.
Leonardus,1473,Venedig,Sermones quadragesimales de legibus,404 Blätter
"Caracciolo, Roberto",1473,Köln,Sermones quadragesimales de poenitentia,P. I: 290 Bl.; P. II: 22 Bl.
Hugo,1473,[Straßburg],Soliloquium in modum dialogi,10 Bl.
Bernhard,[ca. 1473],[Köln],Speculum de honestate vitae,8 Bl.
Vinzenz,1473,[Straßburg],Speculum historiale,P. 1: 170 Bl. - P. 2: 206 Bl. - P. 3: 202 Bl. - P. 4: 214 Bl.
"Durantis, Guilelmus",1473,Rom,Speculum iudiciale,"Pt.1: 262 Bl., Pt. 2: 398 Bl., Pt. 3: 46 Bl., Pt. 4: 350 Bl."
,1473,Brescia,Statuta et pacta communis Brixiae,310 Bl.
Astesanus,1473,[Straßburg],Summa de casibus conscientiae,433 Bl.
Johannes,1473,Basel,Summa de sponsalibus et matrimoniis,10 Bl.
,[1472?],Augsburg,Almanach,"1 Blatt, einseitig bedruckt"
,23. Februar oder 24. Februar 1472,Mainz,"Biblia, lat.","242, 239 [insg. 481] Bl."
Diodorus,1472,Bologna,Bibliotheca,104 Blätter
Bonaventura,10.02.1472,Nürnberg,Breviloquium,69 Bl.
Jacobus,28.07.1472,Padua,"Capitulum omnis utriusque sexus, disputatum et repetitum",128 Blätter
"Gerson, Jean",1472,[Köln],Conclusiones de diversis materiis moralibus,40 Bl.
Antonin,1472,Bologna,Confessionale [etc.],96 Bl.
Jacobus,1472,[Augsburg],Consolatio peccatorum seu Processus Belial,118 Bl.
"Augustinus, Aurelius",09.11.1472,[Lauingen],De anima et spiritu. Add: De ebrietate. De vanitate saeculi. De vita christiana. De sobrietate. De quattuor virtutibus caritatis. De contritione cordis,76 Bl.
"Schleusinger, Eberhard",[nach April 1472],[Beromünster],De cometis,12 Blätter
"Augustinus, Aurelius",09.11.1472,[Lauingen],De consensu evangelistarum,108 Bl.
Honorius,1472,[Nürnberg],De imagine mundi,48 Bl.
"Gerson, Jean",[ca. 1472],[Köln],De pollutione nocturna,16 Bll.
Isidorus,07.12.1472,Augsburg,De responsione mundi et de astrorum ordinatione,20 Bl.
Guilelmus,[nicht nach 1472],[Utrecht ?],De salute corporis,24 Blätter
Thomas,[ca. 1472],[Köln],De venerabili sacramento sermones XXXII,46 Bl.
Gratianus,13.08.1472,Mainz,Decretum,413 Bl.
Gratianus,1472,Straßburg,Decretum,460 Bl.
"Nider, Johannes",18.12.1472,Augsburg,Die 24 goldenen Harfen,161 Blätter
"Nider, Johannes",1472,[Augsburg],Die vierundzwanzig goldenen Harfen,173 Bll.
Albrecht,1472,Nürnberg,Ehebüchlein,120 Bl.
Augustinus,[ca. 1472],[Köln],Elegantiolae,48 Bl.
Gasparinus,1472,Basel,Epistolae,60 Bl.
Isidorus,19.11.1472,Augsburg,Etymologiae,264 Bl.
"Cassiodorus, Flavius Magnus Aurelius",1472,Augsburg,Historia ecclesiastica tripartita,195 Bl.
Justinian,1472,[Straßburg],Institutiones,113 Bl.
,1472,Augsburg,Lehre und Unterweisung wie ein junger Mensch sich in Ehrbarkeit und guten Sitten erhalten soll,31 Blätter
Gregor,[ca. 1472],Basel,Moralia sive Expositio in Job,421 (oder 422) Bl.
,[ca. 1472],[Köln],Pamphilus de amore,16 Bl.
Gregor,1472,Basel,Pastorale sive Regula pastoralis,152 Bl.
Guilelmus,[ca. 1472],Augsburg,Postilla super epistolas et evangelia,278 Bl.
Nicolaus,26.05.1472,Rom,Postilla super totam Bibliam,452 Bl.
Nicolaus,1472,[Straßburg],Postilla super totam Bibliam,"1286 Bl. (P. 1: Genesis-Reges, P. 2: Paralipomena-Psalmi, P. 3: Proverbia-Machabaei, P. 4: Evangelia-Apocalypsis)"
"Nider, Johannes",[ca. 1472],Basel,Praeceptorium divinae legis sive Expositio decalogi,330 Bl.
,1472,Augsburg,Processus iudiciarius Mascaron contra genus humanum sive Tractatus procuratoris editus sub nomine diaboli,10 Bl.
Jacobus,[ca. 1472],[Speyer],Sermones notabiles et formales de praecipuis festivitatibus,254 Bl.
"Caracciolo, Roberto",20.07.1472,Venedig,Sermones quadragesimales de poenitentia. Sermo in festo annuntiationis virginis Mariae Ne timeas Maria ... . Sermo de praedestinatorum numero et damnatorum. Sermo de catenis [1-2],"268 Bl., 22 Bl."
Bernardus,1472,Basel,Speculum de honestate vitae,10 Bll.
Thomas,1472,[Straßburg],"Summa theologiae P. 2,2",291 Bl.
,12.03.1472,Eltville,Vocabularius Ex quo,166 Bl.
Plutarchus,1471,Venedig,Apophthegmata,80 Blätter
Servius,1471,[Venedig],Commentarium in Vergilii opera,349 Bl.
"Gerson, Jean",1471,Nürnberg,Conclusiones de diversis materiis moralibus sive De regulis mandatorum,"20 Bl., 1 einseitig bedr. Karton nach Bl. 16"
"Cicero, Marcus Tullius",kurz nach 07.03.1471/72,[Paris],De officiis etc.,126 Blätter
Adrianus,08.02.1471,Köln,De remediis utriusque fortunae,155 Blätter
Gratianus,1471,Straßburg,Decretum,460 Bl.
"Augustinus, Aurelius",1471,[Straßburg],Epistolae,264 Bl.
"Cicero, Marcus Tullius",1471,[Venedig],Epistolae ad familiares,204 Blätter
Valerius,14.06.1471,Mainz,Facta et dicta memorabilia,196 Blätter
Alfonsus,1471,[Straßburg],Fortalitium fidei,248 Bl.
Gregor,11.09.1471,Nürnberg,Moralia sive Expositio in Job,406 Bl.
"Cyprianus, Thascius Caecilius",[Januar oder Februar] 1471,Rom,Opera,186 Blätter
"Tacitus, Cornelius",1471,[Venedig],Opera,178 Blätter
Nicolaus,1471-1472,Rom,Postilla super totam Bibliam. Vol. I–V,"P. 1: 452 Blätter, P. 2: 452 Blätter, P. 3: 402 Blätter, P. 4: 234 Blätter, P. 5.: 292 Blätter"
Leonardus,1471,[Venedig],Quadragesimale aureum,202 Bl.
Gregor,1471,[Köln],Regula pastoralis,106 Bl.
Paulus,[nicht nach April 1471],[Rom],Scrutinium scripturarum,288 Blätter
Petrus Lombardus,1471,[Straßburg],Sententiarum libri IV,266 Bl.
"Sánchez de Arévalo, Rodrigo",11.01.1471,Augsburg,Speculum vitae humanae,128 Bl.
Thomas,08.11.1471,Mainz,"Summa theologiae, P. 2,1",177 Bl.
Bartolus,1471,[Venedig],Super prima parte Codicis,250 Bl.
Bartolus,1471,[Venedig],Super secunda parte Codicis,215 Bl.
,"[nicht nach 1470, vielmehr nicht nach 1474]",[Strassburg],Biblia,426 Blätter
,[nicht nach 1470],[Strassburg],"Biblia, deutsch",404 Blätter
,"[nicht vor 1476, nicht nach 1478]",[Nürnberg],"Biblia, deutsch",1. 256 Blätter; 2. 258 Blätter
Paul,1470,[Köln],Bulla 19. 4. 1470 Ineffabilis providentia de publicatione anni Jubilaei,6 Bl.
"Augustinus, Aurelius",1470,[Straßburg],Confessiones,144 Bl.
"Josephus, Flavius",1470,Augsburg,De antiquitate Iudaica,288 Bl.
"Bruni, Leonardo",1470,Foligno,De bello Italico adversus Gothos,74 Bl.
"Augustinus, Aurelius",1470,Venedig,De civitate dei,274 Blätter
"Sallustius Crispus, Gaius",1470,Venedig,De coniuratione Catilinae. De bello Iugurthino,72 Bl.
"Bruni, Leonardo",1470,Mainz,De duobus amantibus,12 Bl.
"Hieronymus, Sophronius Eusebius",1470,Augsburg,De essentia divinitatis,16 Bl.
"Gerson, Jean",[ca. 1468],[Köln],De meditatione cordis. De modo orandi. De valore orationis et de attentione,56 Bl.
"Nider, Johannes",10.10.1470,[Köln],De morali lepra,104 Bl.
"Augustinus, Aurelius",1470,Augsburg,De quantitate animae,29 Bl.
"Gerson, Jean",1470,Nürnberg,De spiritualibus nuptiis sive Opusculum super Cantica canticorum,40 Bl.
"Hieronymus, Sophronius Eusebius",1470,Augsburg,De viris illustribus [etc.],37 Bl. [a–c¹⁰d⁷]
"Augustinus, Aurelius",[um 1470/1475],[Mainz],De vita christiana,18 Blätter
Gregor,[zwischen 1468 und 1471],[Straßburg],Decretales,387 Bl.
"Nider, Johannes",1470,Augsburg,Dispositorium moriendi,8 Bl.
"Gerson, Jean",1470,Augsburg,Donatus moralisatus,8 Bl.
Bernhard,[um 1470],Augsburg,Epistola de gubernatione rei familiaris,"1 Blatt, einseitig bedruckt"
"Hieronymus, Sophronius Eusebius",1470,Rom,Epistolae,[298] Bl
"Hieronymus, Sophronius Eusebius",1470,Rom,Epistolae,[331] Bl.
"Hieronymus, Sophronius Eusebius",07.09.1470,Mainz,Epistolae,408 Bl.
Theobaldus,nicht nach 1470,Augsburg,Errores Iudaeorum ex Talmud extracti. [Daran:] Probationes Novi Testamenti ex Veteri Testamento,12 Bl.
Valerius,1470,[Straßburg],Facta et dicta memorabilia,160 Bl.
Johannes,29.10.1470,Rom,Homiliae super Johannem,280 Blätter
Thomas,1470,Augsburg,Imitatio Christi,76 Bl.
,,Franken (Nürnberg?),"Lederschnitteinband für eine Mentelinbibel mit vorgebundener Handschrift Holzdeckel aus Buchenholz, überzogen mit braunem Rindsleder, mit Lederschnitt verziert, Franken (Nürnberg?), um 1470",
Bonifatius,1470,[Straßburg],Liber sextus Decretalium,201 Bl.
Johannes,10.11.1470,Mainz,Mammotrectus super Bibliam,129 Bl.
"Durantis, Guilelmus",22.01.1470,Augsburg,Rationale divinorum officiorum,217 Bl.
"Iuvenalis, Decimus Iunius",1470,[Venedig],Satirae,66 Bl.
Paulus,1470,[Straßburg],Scrutinium scripturarum,218 Bl.
Bernardinus,1470,[Köln],Sermo de gloriosa Virgine Maria,26 Bl.
"Augustinus, Aurelius",nicht nach 1470,Augsburg,Soliloquia. Lib. 1.2.,28 Bl.
"Augustinus, Aurelius",[ca. 1470],[Köln],Soliloquium,8 Bl.
Plutarchus,1470,[Straßburg],Vitae illustrium virorum,P. 1: 296 Bl. - P. 2: 238 Bl.
Johannes,30.04.1469,Augsburg,Catholicon,522 Bl.
"Cicero, Marcus Tullius",[um 1469],Rom,Cato maior de senectute. Daran: Somnium Scipionis,18 Blätter
Thomas,1469,[Mainz],De articulis fidei et ecclesiae sacramentis,13 Bl.
"Hieronymus, Sophronius Eusebius",1469,[Straßburg],Epistolae,224 Bl.
"Cicero, Marcus Tullius",[um 1469],Rom,"Laelius, sive de amicitia",16 Blätter
"Cicero, Marcus Tullius",[um 1469],Rom,Paradoxa stoicorum,8 Blätter
Johannes,1469,Augsburg,Summa de sacramentis,49 Bl.
Thomas,13.06.1469,Mainz,Super quarto libro Sententiarum,274 Bl.
"Cicero, Marcus Tullius",01.04.1469.,Rom,Tusculanae disputationes,71 Blätter
,1468,[Straßburg],"Biblia, lat.",496 Bl.
Justinian,24.05.1468,Mainz,Institutiones,103 Bl.
Bonaventura,12.03.1468,Augsburg,Meditationes vitae Christi,72 Bl.
"Lactantius, Lucius Caecilius Firmianus",1468,Rom,Opera,220 Blätter
Klemens,8.10.1467,Mainz,Constitutiones,65 Blätter
"Augustinus, Aurelius",nicht nach März 1467,Mainz,"De arte praedicandi [= De doctrina Christiana, liber 4]",22 Bl.
"Augustinus, Aurelius",12.06.1467,[Subiaco],De civitate dei,271 Blätter
Hrabanus,vor 20.07.1467,[Straßburg],De sermonum proprietate sive Opus de universo,170 Bl.
"Augustinus, Aurelius",1467,[Köln],De vita Christiana,56 Bl.
Thomas,1467,[Köln],"Summa de articulis fidei et ecclesiae sacramentis Mit Widm. an Leonardus, Erzbischof von Palermo",16 Bl.
,[ca. 1466],Strassburg,"Biblia, deutsch",405 Bl.
"Augustinus, Aurelius",1466,[Straßburg],De arte praedicandi,22 Bl.
"Cicero, Marcus Tullius",04. 02.1466,[Mainz],De officiis etc.,88 Blätter
Johannes,1466,[Straßburg],Homiliae super Matthaeum,252 Bl.
Bonaventura,20.09.1477,Augsburg,Speculum Beatae Mariae Virginis,51 Bl.
Vinzenz,1477,[Straßburg],Speculum doctrinale,402 Bl.
Cyrillus,[ca. 1477],[Köln],Speculum sapientiae,46 Bl.
"Nigri, Petrus",20.12.1477,Esslingen,Stern des Meschiah,322 Bl.
Henricus,1477,Augsburg,Summa super titulis Decretalium,P. 1: 352 Bl. - P. 2: 312 Bl. - P. 3/4: 460 Bl. - P. 5: 410 Bl.
Antonin,10.10.1477,Nürnberg,Summa theologica,322 Bl.
Antonin,20.08.1477,Speyer,"Summa theologica, P. 2",344 Bl.
Iodocus,18.05.1477,Speyer,Vocabularius iuris utriusque,232 Bl.
,[ca. 1477],Blaubeuren,"Vocabularius, lat. und dt.",291 Bl.
"Donatus, Aelius",[ca. 1476-1477],Ulm,Ars minor,26 [?] Blätter
Diodorus,1476,Venedig,Bibliothecae historicae libri VI,128 Bl.
,12.03.1474 [vielmehr nach 27.02.1476],Marienthal,Breviarium Moguntinum,
Eberhard,1476,[Reutlingen],Brief an Herzog Sigmund von Österreich betr. die Herrschaft Hohenberg,4 Bl.
Omnibonus,22.12.1476,Vicenza,Commentum in Ciceronis Oratorem,176 Bl.
Klemens,10.09.1476,Mainz,Constitutiones,76 Bl.
Klemens,02.05.1476,Basel,Constitutiones,74 Blätter
,04.07.1476,Venedig,Corpus iuris civilis. Institutiones,90 Bl.
Aristoteles,1476,Venedig,De animalibus,252 Bl.
"Trotti, Alberto",1476,[Ulm],De horis canonicis,"28 ungezählte Blätter, 33-34 Zeilen"
,1476,Augsburg,De oculo morali,62 Bl.
"Cicero, Marcus Tullius",1476,Mailand,De officiis [etc.],84 Bl.
Nonius,1476,Venedig,De proprietate latini sermonis,194 Bl.
Gerardus,[ca. 1476],[Köln],Declaratio modi et formae venditionis et emptionis reddituum perpetuorum et vitalium,44 Bl.
Gratianus,10.06.1476,Basel,Decretum,413 Bl.
Henricus,06.06.1476,Nürnberg,Elucidarius scripturarum,204 Bl.
Ambrosius,1476,Augsburg,Expositio in evangelium S. Lucae,159 Bl.
Paulus,17.07.1476,Mailand,Expositio librorum naturalium Aristotelis,168 Bl.
Johannes,1476,Lübeck,Expositio super toto psalterio,202 Bl.
Johannes,10.03.1476,Mainz,Expositio super toto psalterio,198 Blätter
Arnoldus,25.05.1476,Brüssel,Gnotosolitos sive Speculum conscientiae,472 Bl.
Apollonius,1476,Augsburg,"Historia Apollonii regis Tyri, dt.",82 Bl.
Justinian,23.05.1476,Mainz,Institutiones,103 Bl.
"Regiomontanus, Johannes",1476,Venedig,Kalendarium,30 Blätter
Jacobus,08.11.1476,[Köln],Legenda aurea sanctorum sive Lombardica historia,370 Bl.
,nach 24.03.1476,Augsburg,Lehre und Unterweisung wie ein junger Mensch sich in Ehrbarkeit und guten Sitten erhalten soll,P. 1: 61 Bl. - P. 2: 82 Bl. - P. 3: 16 Bl. - P. 4: 24 Bl. - P. 5: 26 Bl.
"Herolt, Johannes",1476,[Straßburg],Liber Discipuli de eruditione Christifidelium,248 Bl.
Bonifatius,09.01.1476,Mainz,Liber sextus Decretalium,162 Bl.
Johannes,24.12.1476,[Köln],Mammotrectus super Bibliam,204 Bl.
"Augustinus, Aurelius",[ca. 1476],[Straßburg],Manuale,14 Bl.
"Josephus, Flavius",[nicht nach 1476],[Lübeck],Opera,397 Bl.
"Paiellus, Bartholomaeus",1476,Vicenza,Oratio in funere Bartholomaei Colei,18 Bl.
Johannes,1476,[Rom],Oratio lamentabilis ad Papam Sixtum IV.,22 Bl.
"Nider, Johannes",13.02.1476,Straßburg,Praeceptorium divinae legis sive Expositio decalogi,332 Bl.
"Durantis, Guilelmus",1476,Speyer,Rationale divinorum officiorum,360 Bl.
Lambertus,07.10.1476,Nürnberg,Repertorium utriusque iuris,P. 1: 262 Bl. - P. 2: 268 Bl. - P. 3: 280 Bl.
Michael,1476,Venedig,Sermonarium de peccatis per adventum et per duas quadragesimas,P. 1: 286 Bl. - P. 2: 162 Bl.
Konrad,23.06.1476,Augsburg,Sermones de tempore,394 Bl.
"Legrand, Jacques",[ca. 1476],[Straßburg],Sophologium,190 Bl.
Vinzenz,1476,Straßburg,Speculum historiale,P. 1: 156 Bl. - P. 2: 176 Bl. - P. 3: 175. - P. 4: 192 Bl.
Vinzenz,09.11.1476,Straßburg,Speculum morale,477 Bl.
Vinzenz,1476,[Straßburg],Speculum naturale,P. 1: 370 Bl. - P. 2: 328 Bl.
Johannes,nicht nach 01.02.1476,[Augsburg],Summa confessorum,394 Bl.
Baldus,1476,Mailand,Super I. et II. Decretalium,P. 1: 277 Bl. - P. 2: 304 Bl.
Franciscus,1476,Treviso,Super primum sententiarum,246 Bl.
Johannes,1475,[Straßburg],Additiones ad Durantis speculum iudiciale,303 Bl.
Antonius,1475,Ulm,Aurea Biblia sive Repertorium aureum Bibliorum,160 Bl.
,1475,[Basel],Biblia,460 Blätter
,[um 1475/76],Augsburg,"Biblia, deutsch",534 Blätter
,1475,Basel,"Biblia, lat.",460 Bl.
,16.11.1475,Nürnberg,"Biblia, lat.",481 Bl.
,[ca. 1475],Marienthal,Breviarium Moguntinum,"8 Bl., 8 Bl., 57 Bl., 86 Bl., 24 Bl., 68 Bl., 72 Bl., 22 Bl."
Thomas,1475,Augsburg,Catena aurea super quattuor evangelistas,528 Bl.
Johannes,1475,[Straßburg],Catholicon,372 Bl.
Domitius,15.09.1475,Brescia,Commentarii in Iuvenalem,114 Bl.
,26.01.1475,Mainz,Corpus iuris civilis. Codex Justinianus,324 Bl.
"Augustinus, Aurelius",[um 1475],[Mainz],De cognitione verae vitae,34 Blätter
"Augustinus, Aurelius",1475,[Straßburg],De duodecim abusionum gradibus,8 Bl.
"Augustinus, Aurelius",1475,[Esslingen],De vanitate saeculi,24 Bl.
Thomas,1475,Köln,De veritate,484 Bl.
,23.12.1475,Ferrara,De vero et perfecto clerico,117 Blätter
Jacobus,28.07.1475,Nürnberg,Der Heiligen Leben,181 Blätter
Karl,[ca. 1475],[Basel],"Die guldin Bull. Add: Fridericus III, Reformation und Ordnung vom 14. August 1442",76 Bl.
"Hartlieb, Johannes",1475,Augsburg,Die Kunst Ciromantia,48 Blätter
Samuel,[ca. 1475],[Vicenza oder Santorso(?)],Epistola ad Rabbi Isaac seu rationes ad reprobandos Iudaeorum errores,28 Bl.
"Seneca, Lucius Annaeus",1475,Paris,Epistolae ad Lucilium,108 Bl.
Conradus,1475,Basel,Fabularius seu Repertorium vocabulorum,148 Bl.
Eusebius,1475,[Straßburg],Historia ecclesiastica,107 Bl.
Gregor,01.10.1475,Paris,Homiliae in Evangelia,142 Bl.
Ludolphus,1475,[Straßburg],Iter ad Terram Sanctam,34 Bl.
Jacobus,1475,[Augsburg],Legenda aurea,400 Bl.
,[ca. 1475],[Augsburg],Margarita Davitica seu Expositio psalmorum,124 Bl.
Franciscus,1475,[Krakau],Opus restitutionum,216 Blätter
"Augustinus, Aurelius",01.02.1475 ca.$4ezth,Augsburg,Quinquaginta,92 Bl.
"Durantis, Guilelmus",18.03.1475,Ulm,Rationale divinorum officiorum,257 Bl.
Lupus,1475,[Mailand],Regula monachorum ex epistolis Hieronymi collecta,175 Bl.
Johannes,1475,[Köln],Repertorium juris,198 Blätter
Paulus,1475,Mantua,Scrutinium scripturarum,270 Blätter
"Caracciolo, Roberto",1475,[Straßburg],"Sermones de adventu, etc.",174 Bll.
Bernhard,[1475?],[Blaubeuren],Sermones de sanctis,274 Bl.
Albertus,nicht nach 1475,Speyer,Sermones de tempore et de sanctis,240 Bl.
Bernhard,14.04.1475,Mainz,Sermones de tempore et de sanctis et De diversis,235 Bl.
Jacobus,1475,[Blaubeuren],Sermones dominicales,226 Bl.
Leonardus,[ca. 1475],Köln,Sermones quadragesimale de legibus,312 Bl.
Bonjohannes,[ca. 1475],Basel,Speculum sapientiae,61 Bl.
"Sánchez de Arévalo, Rodrigo",1475$4n28.11.1475,Basel,Speculum vitae humanae,108 Bl.
Nikolaus,20.01.1475,Nürnberg,Supplementum Summae Pisanellae ...,326 Bl.
,30.08.1475,Caselle,Vitas Patrum,76 Bl.
Nicolaus,[ca. 1474],[Straßburg],Auslegung der Psalmen,404 Bll.
Johannes,1474,Augsburg,Baum der Sippschaft,6 Bl.
,1474,Augsburg,"Biblia, dt.",533 Bl. + 1 Karton nach Bl. 188
"Pfeiffer, Hermann",,,"Portrait aus der DDR Albert Kapr, Schriftgestalter, Buchkünstler, Lehrer und Fachschriftsteller",Ill.
"Tschichold, Jan",,,"Kursiv, Kapitälchen und Anführungszeichen im Textsatz des Buches und in wissenschaftlichen Zeitschriften",5 S.
ʿUmar Ḫaiyām,1899,"East Aurora, New York",The Rubaiyat,67 Seiten
"Bechmann, Johann Volkmar",XI. Jan. M.DC.LXIII.,[Jena],"Johann-Volk. Bechmann/ J.U.D. & Prof. Publ. Facultatis Juridicæ in Academiâ Salanâ h.t. Decanus L. S. D. Aeternæ ferè & immortales lites de possessione agitantur, plenæ sunt Cameræ, Curiæ, Parlamenta, Rotæ, adeò ut noverimus interdum ... P. P. XI. Ian. MDCLXIII.",1 gefalteter Bogen
,"[1533, i.e. 1534]",Lübeck,"De Biblie uth der uthlegginge Doctoris Martini Luthers yn dyth düdesche vlitich uthgestellet, mit sundergen underichtingen alse men seen mach","[1], XCIIII, CXXVII, LXXV, [5], CXII, LXX, CXXXIX Bl."
Martinus,1513,Paris,Margarita decreti,
"Orosius, Paulus",1500,Venedig,Historiae,80 Bl.
"Visdomini, Antonio Maria",1500,Bologna,Opuscula varia,98 Bl.
"Stöffler, Johannes",13.02.1499,Ulm,Almanach nova in annos 1499-1531,520 Bl.
,09.02.1499,Straßburg,Compendium iuris canonici,156 Bl.
Nicolaus,1499,Strassburg,De sacramentis,126 Bl.
"Seneca, Lucius Annaeus",1499,Leipzig,De tranquillitate animi,32 Bl.
"Augustinus, Aurelius",[ca. 1499],[Paris],De virtute Psalmorum,8 Bl.
,1499,Köln,Die Cronica van der hilliger stat van Coellen,368 Bl.
Franciscus,03.03.1499,Basel,Grammatica,114 Bl.
Thomas,1499,Basel,Hortulus rosarum de valle lacrimarum,120 Bl.
"Colonna, Francesco",XX.12.1499,Venedig,Hypnerotomachia Poliphili,234 Blätter
Suidas,15.11.1499,Mailand,Lexicon graec.,516 Blätter
Johannes,25.01.1499,Basel,Liber de exemplis ac similitudinibus rerum,342 Bl.
Ivo,1499,Basel,Liber decretorum sive Panormia,182 Bl.
,[ca. 1499],[Nürnberg],Missale dominorum Teutonicorum,278 Bl.
,1499,Würzburg,Missale Herbipolense,384 Bl.
Marsilius,1499,[Mainz],"Oratio continens dictiones, clausulas et elegantias oratorias",22 Bl.
Baptista,16.07.1499,Venedig,Parthenice prima sive Mariana,70 Bl.
,1499,Augsburg,"Psalterium, lat. und. dt.",126 Bl.
"Bertachini, Giovanni",23.06.1499,[Lyon],Repertorium iuris utriusque,"Bd. 1: 414 Bll., Bd. 2: 354 Bll.; Bd. 3: 356 Bl.."
Methodius,1499,[Memmingen],Revelationes divinae a sanctis angelis factae,38 Bl.
"Persius Flaccus, Aulus",27.01.1499,Lyon,Satyrae,72 Bl.
"Mancinelli, Antonio",20.08.1499,Ulm,Scribendi orandique modus,46 Bl.
"Augustinus, Aurelius",[ca. 1499],Paris,Sermones,414 Bl.
"Wann, Paul",16.10.1499,Hagenau,Sermones de tempore,266 Bl.
Guilelmus,19.02.1499,Tübingen,Sermones de tempore et de sanctis,P. 1: 130 Bl. - P. 2: 162 Bl. - P. 3: 98 Bl.
Johannes,23.10.1499,Venedig,Sphaera mundi,150 Bl.
,15.11.1499,Mailand,Suda,516 Bl.
"Ovidius Naso, Publius",1499,Venedig,Tristia,70 Bl.
Plutarchus,1499,Brescia,Vitae illustrium virorum,318 Bl.
,1499,[Speyer],Vocabularius de partibus indeclinabilibus,54 Bl.
"Donatus, Aelius",1498,[Speyer],Ars minor mit deutscher Interlinearglosse,30 Bl.
,1498,Basel,"Biblia, lat.",378 Blätter
,1498,Basel,"Biblia, lat.",440 Blätter
,1498,Basel,"Biblia, lat.",280 Bl.
,24.04.1498,Nürnberg,Breviarium Scarense,"8, 84, 364, 34, 6, 24 Bl."
,1498,Strassburg,Das ist sant Pauls leben des ersten eynsidels. und ist auch das leben des heyligen vatters sant Anthoenigs,48 Blätter
"Maturanzio, Francesco",1498,Leipzig,De componendis versibus,32 Bl.
David,1498,Paris,De exterioris et interioris hominis compositione (Ausz. Lib. 2 und 3). De profectu religiosorum,124 Bl.
"Cicero, Marcus Tullius",1498,Reggio Emilia,De natura deorum,P. 1: 32 Bl. - P. 2: 22 Bl. - P. 3: 18 Bl. - P. 4: 16 Bl. - P. 5: 46 Bl.
"Trithemius, Johannes",06.08.1498,Mainz,De triplici regione claustralium et de spirituali exercitio novitiorum,98 Bl.
"Sabellicus, Marcus Antonius",31.03.1498,Venedig,Enneades ab orbe condito,478 Bl.
Samuel,19.03.1498,[Nürnberg oder Metz],Epistola ad Rabbi Isaac seu rationes ad reprobandos Iudaeorum errores,22 Bl.
"Beroaldo, Filippo",18.12.1498,Bologna,Heptalogos,24 Bl.
"Plinius Secundus, Gaius",1498,Venedig,Historia naturalis,268 Bl.
,1498,Strassburg,Hortus sanitatis,360 ungezählte Blätter
,[ca. 1498],Paris,Hymni. Expositio hymnorum,50 Bl.
Nicephorus,30.09.1498,Venedig,Logica,156 Bl.
"Schott, Petrus",02.10.1498,Straßburg,Lucubratiunculae,192 Bl.
Hermann,21.03.1498,Köln,Manuale confessorum metricum. Censurae ecclesiasticae archiepiscopatus Coloniensis. Mare magnum ac defensorium privilegii quattuor ordinum mendicantium super audientia confessionis,[192] Bl.
Gregor,02.06.1498,Brescia,Moralia sive Expositio in Job,426 Bl.
"Poliziano, Angelo",XX.07.1498$4ezth,Venedig,Opera,452 Bl.
Dionysius,06.02.1498/99,Paris,Opera,122 Blätter
"Herwych, Gysbertuszoom",1498,Straßburg,Oratio funebris in Fridericum Bavariae Ducem,6 Bl.
Albertus,20.07.1498,Köln,Paradisus animae sive Tractatus de virtutibus,34 Bl.
"Wimpfeling, Jakob",19.11.1498,Straßburg,Philippica in laudem et defensionem Philippi comitis Rheni Palatini Bavariae ducis,14 Bl.
"Rodulphis, Laurentius de",01.04.1498,Pescia,Repetitiones et disputationes,20 Bl.
"Lasko, Osvald",22.01.1498,Hagenau,"Sermones dominicales, Biga salutis intitulati.",436 Bl.
Angelus,1498,Strassburg,Summa angelica de casibus conscientiae,358 Blätter
Angelus,23.08.1498,Nürnberg,Summa angelica de casibus conscientiae,268 Bl.
"Alvarottus, Jacobus",23.08.1498,Pavia,Super feudis,174 Bl.
Jacobus,08.01.1498,Westminster,The Golden Legend,448 Bl.
"Summenhart, Conrad",[ca. 1498],[Tübingen],Tractatus bipartitus de Deo homine facto,80 Bl.
"Baldung, Hieronymus",06.01.1497,Strassburg,Aphorismi compunctionis theologicales,40 Blätter
,6. Kal. Mai [26.04.]1497,Straßburg,"Biblia, lat.",492 Bl.
,1497,Nürnberg,"Biblia, lat.",P. 1: 424 Bl. - P. 2: 338 Bl. - P. 3: 318 Bl. - P. 4: 352 Bl.
"Faber, Johannes",12.08.1497,Venedig,Commentarius in Institutiones,142 Bl.
"Gaguin, Robert",24.06.1497,Lyon,Compendium de origine et gestis Francorum,128 Bl.
"Hundt, Magnus",1497,Leipzig,"Compendium totius logicae, sive Parvulus antiquorum",178 Bl.
"Trithemius, Johannes",1497,[Mainz],De  operatione divini amoris,14 Bl.
Albertanus,1497,Köln,De arte loquendi et tacendi,12 Bl.
"Forèsti, Giacomo Filippo",29.04.1497,Ferrara,De claris mulieribus,176 Bl.
"Boethius, Anicius Manlius Severinus",31.12.1497,Köln,De consolatione philosophiae,192 Bl.
Iamblichus,*XX.09.1497,Venedig,"De mysteriis Aegyptiorum, Chaldaeorum, Assyriorum",186 Bl.
Guilelmus,1497,Venedig,Diaeta salutis,134 Bl.
"Ficinus, Marsilius",24.02.1497,Nürnberg,Epistolae,254 Bl.
"Wimpina, Konrad",1497,Leipzig,Epitoma bellorum Alberti Saxoniae ducis,58 Bl.
"Iustinus, Marcus Iunianus",1497,[Venedig],Epitome Historiarum Trogi Pompei,54 Bl.
Lupoldus,15.05.1497,Basel,Germanorum veterum principum zelus et fervor in Christianam religionem Deique ministros,28 Bl.
,nicht nach 21.10.1497,[Straßburg],Hortus sanitatis,360 Bl.
Dante,11.10.1497,Venedig,La Commedia,"10 ungezählte Blätter, 297 römisch gezählte Blätter, 1 ungezähltes Blatt"
"Schedel, Hartmann",01.02.1497,Augsburg,Liber chronicarum,368 Bl.
Aristoteles,1497,Venedig,Opera,"1, 116, 42, 12, 121, [2] Bl."
"Augustinus, Aurelius",25.04.1497,Lyon,Opus quaestionum,286 Bl.
"Vegius, Mapheus",15.10.1497,Avignon,Palinurus,38 Bl.
"Iuvenalis, Decimus Iunius",06.12.1497,Nürnberg,Satyrae,198 Bl.
"Lasko, Osvald",27.07.1497,Hagenau,"Sermones de sanctis, Biga salutis intitulati",374 Bl.
Bernhard,1497,Straßburg,Sermones super Cantica canticorum,202 Bl.
"Brant, Sebastian",01.08.1497,Basel,Stultifera navis,160 Bl.
Guilelmus,1497,Basel,Summa de virtutibus et vitiis,P. 1: 174 Bl. - P. 2: 142 Bl. - Summarium: 14 Bl. - Annotatio: 12 Bl.
,1497,[S.l.] @,Tang jian,4 Hefte
Hilduinus,[ca. 1497],Nürnberg,Vita Sancti Dionysii,30 Bl.
Diogenes,22.06.1497,Venedig,Vitae et sententiae philosophorum,96 Bl.
,1496,Brescia,"Biblia, lat.",554 Bl.
Gratianus,28.02.1483,Nürnberg,Decretum,416 Bl.
"Hartlieb, Johannes",15.01.1483,Augsburg,Die hystori von dem grossen Alexander,156 Blätter
Otto,06.11.1483,[Strassburg],Die vierundzwanzig Alten oder der goldene Thron,154 Blätter
Pius,1483,Löwen,Epistolae familiares,304 Blätter
Isidorus,1483,Venedig,Etymologiae,136 Bl.
"Biondo, Flavio",16.07.1483,Venedig,Historiarum ab inclinatione Romanorum imperii decades,372 Bl.
,24.07.1483,Mainz,Missale Wratislaviense,234 Blätter
Aristoteles,25.10.1483,Venedig,"Opera, lat.",132 Bl.
Aristoteles,03.02.1483,Venedig,"Opera, lat.",104 Bl.
,28.02.1483,Ulm,Plenarium,256 Bl.
Iordanus,1483,Straßburg,Postillae de tempore et sermones,P. 1: 234 Bl. - P. 2: 184 Bl.
,1483,[Bamberg],Psalterium latinum,98 Bl.
,[ca. 1483],Köln,Psalterium latinum,126 Bl.
Johannes,1483,Venedig,Quaestiones in IV libros Sententiarum seu Libri IV defensionum theologiae Thomae Aquinatis /Johannes Capreolus. Hrsg.: Thomas de Sancto Germano,P. 1: 360 Bl. - P. 2: 366 Bl. - P. 3: 156 Bl. - P. 4: 258 Bl.
Hugo,06.05.1483,Nürnberg,Sermones dominicales super evangelia et epistolas,296 Bl.
Thomas,1483,Venedig,"Summa theologica. P. 2,1",204 Bll.
"Melber, Johannes",18.08.1483,Nürnberg,Vocabularius praedicantium sive Variloquus,170 Bl.
Alanus,15.03.1483,Ulm,Von dem Psalter unserer lieben Frau,89 Bl.
,[nicht vor 1483 und nicht nach 1493],Augsburg,Warumb klaidest du dich so in manniger Gestalt,1 Bl. einseitig bedr.
,1482,Venedig,"Biblia, lat.","3 Bände, 1361 Bl."
Johannes,1482,[Straßburg],Catholicon,394 Bl.
"Maturanzio, Francesco",1482,Venedig,De componendis versibus hexametro et pentametro,28 Bl.
Gerardus,[um 1482],Audenarde,"De quatuor novissimis, ou les quatre choses dernières auxquelles la nature humaine doit toujours penser",152 Blätter
"Quintilianus, Marcus Fabius",05.06.1482,Venedig,Declamationes,88 Bl.
Gregor,15.03.1482,Basel,Decretales,305 Bl.
Justinian,1482,Lyon,Digestum novum,356 Bl.
Eusebius,26.07.1482,Passau,Epistola de morte Hieronymi,70 Bl.
Nicolaus,1482,Parma,Expositio logicae,108 Bl.
"Rolevinck, Werner",20.02.1482,Basel,Fasciculus temporum,96 Bl.
"Rolevinck, Werner",1482,Memmingen,Fasciculus temporum,72 Blätter
Sixtus,[ca. 1482],[München],Forma confessionalis et absolutionis ad opus sanctae cruciatae,"1 Bl., 23 Z."
,07.09.1482,Speyer,Homiliarius doctorum de tempore et de sanctis,396 Bll.
,14.11.1482,Passau,Infirmorum visitatio,6 Bl.
,24.12.1482,Venedig,Missale dominicanum seu ordinis praedicatorum,212 Bl.
,01.07.1482,Nürnberg,Modus legendi abbreviaturas in utroque iure,46 Bl.
,25.01.1482,Bologna,Pentateuchus,221 Blätter
Guilelmus,16.07.1482,Köln,Postilla super epistolas et evangelia,126 Bl.
Hugo,10.01.1482,Basel,Postilla super evangelia,492 Bl.
"Herolt, Johannes",nicht nach 1482,[Reutlingen],Sermones Discipuli de tempore et de sanctis,P. 1: 302 Bl. - P. 2: 190 Bl.
,1482,Mailand,Statuta Mediolani. [Daran:] Tabula statutorum,220 Bl.
,[ca. 1482],[Reutlingen],Statuta provincialia Moguntinensia,52 Bl.
Alexander,1482,Nürnberg,Summa universae theologiae P. 1-4,P. 1: 166 Bl. - P. 2: 340 Bl. - P. 3: 246 Bl. - P. 4: 360 Bl.
Nikolaus,05.01.1482,Reutlingen,Supplementum Summae Pisanellae,420 Bl.
Plutarchus,16.09.1482,Aquila,"Vitae parallelae, ital.",334 Blätter
"Schrick, Michael",12.07.1482,Augsburg,Von den ausgebrannten Wassern,14 Blätter
Johannes,1482,[Straßburg],"Vßlegung vber den boume der sypschafft, Vßlegung vber den boum der mogschafft, mit einem Anhang Zu erclerung des boumes der geistlichen sypschafft oder geistlichen mogschaft",12 Bl.
,[um 1482],[Augsburg],Zeichen der falschen Gulden,"1 Blatt, einseitig bedruckt"
Thomas,10.09.1481,Genf,Ars praedicandi,12 Bl.
Antonius,1481,Nürnberg,"Aurea Biblia, sive Repertorium aureum Bibliorum",130 Bl.
Hugo,1481,[Straßburg],Compendium theologicae veritatis,144 Bl.
Hugo,1481,Ulm,Compendium theologicae veritatis,192 Bl.
Conradus,1481,[Reutlingen],Concordantiae bibliorum,418 Bl.
Oldradus,19.11.1481,[Wien],Consilia et quaestiones,298 Bl.
Vincentius,1481,[Nürnberg],De fine mundi,16 Bl.
Gregor,10.09.1481,[Venedig],Decretales,314 Bl.
Gratianus,19.08.1481,Basel,Decretum,381 Bl.
,1481,Augsburg,Deutscher Kalender,80 Blätter
Jacobus,1481,Strassburg,Dz buoch Belleal genant von des gerichtz ordenung,70 Blätter
,1481,Mainz,Eingang der Himmel,116 Bl.
Johannes,23.04.1482,Straßburg,Expositio super toto psalterio,126 Bl.
"Rolevinck, Werner",31.08.1481,Basel,Eyn bürdlin oder versamlung der zyt,142 Blätter
"Rolevinck, Werner",21.12.1481,[Venedig],Fasciculus temporum,72 Blätter
"Boccaccio, Giovanni",06.10.1481,Reggio Emilia,Genealogiae deorum,355 Bl.
"Plinius Secundus, Gaius",08.07.1481,Parma,Historia naturalis,268 Bl.
Dante,30.08.1481,Florenz,La Commedia,"168, 108, 96 Blätter"
Franciscus,28.01.1481,Venedig,Lectura super Clementinis,216 Bl.
Jacobus,11.04.1481,Nürnberg,Legenda aurea sanctorum sive Lombardica historia,184 Bl.
Guido,[14]71 [vielmehr 1481],[Augsburg],Manipulus curatorum,130 Blätter
Martinus,02.06.1481,Köln,Margarita decreti,"192 Bl., Gez. [6]I–LXXXv[1]"
,31.07.1481,Bamberg,Missale Bambergense,324 Blätter
,31.07.1481,Bamberg,Missale Benedictinum,263 Blätter
"Guainerio, Antonio",1481,Pavia,Opera,354 Bl.
Guilelmus,14.08.1481,[Köln],Postilla super epistolas et evangelia,174 Bl.
Nicolaus,22.01.1481,Nürnberg,Postilla super totam Bibliam,P. 1: 432 Bl. - P. 2: 507 (Variante: 506) Bl.
Johannes,24.07.1481,[Wien],Quaestiones Evangeliorum de tempore et de sanctis,450 Bl.
"Duns Scotus, Johannes",1481,Nürnberg,Quaestiones in quattuor libros Sententiarum,P. 1: 130 Bl. - P. 2: 82 Bl. - P. 3: 58 Bl. - P. 4: 140 Bl.
Johannes,12.12.1481,Parma,Quaestiones super tota philosophia naturali,164 Bl.
"Duns Scotus, Johannes",14.11.1481,Venedig,Quodlibeta,116 Bl.
"Durantis, Guilelmus",06.11.1481,Nürnberg,Rationale divinorum officiorum,198 Bl.
"Biondo, Flavio",1481,Verona,Roma instaurata,P. 1: 60 Bl. - P. 2: 94 Bl.
Guido,03.04.1481,[Venedig],Rosarium decretorum,416 Bl.
Petrus,10.05.1481,Nürnberg,Sententiarum libri IV,170 Bl.
Iordanus,nicht nach 1481,[Straßburg],Sermones de sanctis,248 Bl.
Bernhard,09.06.1481,Brüssel,Sermones de tempore et de sanctis,224 Bl.
Bonaventura,1481,Ulm,Sermones de tempore et de sanctis,P. 1: 288 Bl. - P. 2: 140 Bl.
Bernhard,1481,[Speyer],Sermones de tempore et de sanctis et de diversis,306 Bl.
Thomas,24.06.1481,Venedig,Super quarto libro Sententiarum,310 Bl.
,1481,Nürnberg,Tractatus quidam de Turcis,24 Bl.
Dionysius,1480,Treviso,Antiquitates Romanae,300 Bl.
Nicolaus,[ca. 1480],[Venedig],Biblia pauperum,102 Bl.
,1480,Nürnberg,"Biblia, lat.",1211 Bl.
,29.01.1480,Ulm,"Biblia, lat.",441 Bl.
Sixtus,1480,[Rom],"Bulla (Salvator noster) [betr. den Ablass zum besten der Kirche der hl. Georg und Maria in Nördlingen], Rom, 9.II.1479/80",1 Bl.
Sixtus,1480,[Augsburg],"Bulla (Salvator noster) [betr. den Ablass zum besten der Kirche der hl. Georg und Maria in Nördlingen], Rom, 9.II.1479/80",1 Bl.
Otto,30.03.1480,Utrecht,Dat boeck des gulden throens,202 Blätter
"Josephus, Flavius",25.12.1480,Verona,De bello Judaico,214 Bl.
Thomas,1480,[Köln],De corpore christi. [Daran:] Nicolaus de Lyra: Dicta de sacramento und Intellectus super oratione dominica,32 Bl.
"Platina, Bartholomaeus",24.10.1480,Cividale,De honesta voluptate et valetudine,94 Bl.
"Aubusson, Pierre d'",1480,[Nürnberg],De obsidione urbis Rhodiae ad Fridericum imperatorem,"1 Bl., eins. bedr."
Bartholomaeus,29.07.1480,[Lyon],De proprietatibus rerum,322 Bl.
,15.04.1490,Straßburg,Quaestiones super I. III. et IV. sententiarum,200 Bl.
"Bertachini, Giovanni",[ca. 1490],[Lyon],Repertorium iuris utriusque. P. 1-3.,"346 Bl., 286 Bl., 292 Bl."
Thomas,1490,Straßburg,Scripta super quattuor libros Sententiarum,P. 1: 176 Bl. - P. 2: 108 Bl. - P. 3: 74 Bl. - P. 4: 212 Bl.
,[ca. 1490],[Straßburg],Sermones Parati de tempore et de sanctis,248 Bll.
"Caracciolo, Roberto",M.CCCC.xc.tertio Non. decembris,[Strassburg],Sermones quadragesimales de peccatis etc.,328 Blatt
Thomas,31.03.1490,Venedig,"Summa theologiae. P. 2,1",200 Bl.
"Regiomontanus, Johannes",02.01.1490,Augsburg,Tabulae directionum et profectionum / Tabella sinus recti. Hrsg.: Johann Engel (Astronom),156 Bl.
,01.04.1490,[Zwolle],Van den leven der heiligen vaderen,166 Blätter
Ambrosius,1490,Straßburg,Vita S. Augustini,148 Bl.
,08.08.1489,Venedig,"Biblia, lat.",P. 1: 299 Bl. - P. 2: 292 Bl. - P. 3: 244 Bl. - P. 4: 272 Bl.
,1489,Speyer,"Biblia, lat.",582 Bl.
,1489,[Straßburg],"Biblia, lat.",450 Bl.
Bartholomaeus,09.08.1489,Basel,Casus decretorum,190 Bl.
Albertus,1489,Strassburg,Compendium theologicae veritatis,"96 Blätter (2 Spalten, 50 Zeilen)"
Johannes,1489,Hagenau,Cornutus,64 Bl.
,1489,Augsburg,Cursus hinc inde collecti,202 Bl.
"Augustinus, Aurelius",18.11.1489/90,Venedig,De civitate Dei,264 Bl.
Johannes,[ca. 1489],[Mainz],De indulgentiis pro animabus in purgatorio,6 ungezählte Blätter
Basilius,[ca. 1489],Mainz,De legendis antiquorum libris sive De liberalibus studiis,18 Bl.
"Guarini, Battista",18.12.1489,Heidelberg,De ordine docendi ac discendi,12 Bl.
"Augustinus, Aurelius",12.11.1489,Venedig,De trinitate,92 Bl.
"Boethius, Anicius Manlius Severinus",[ca. 1489],[Venedig],De trinitate,4 Bl.
Hilarius,1489,[Venedig],De trinitate contra Arianos,74 Bl.
Valerius,16.02.1489,Augsburg,Die Geschichte der Römer,142 Bl.
,27.04.1489,Augsburg,Die Walfart oder bilgerung unser lieben frauwen,70 Blätter
,1489,[Straßburg],"Directorium statuum seu verius Tribulatio seculi / Enth.: Briefwechsel zwischen Jakob Wimpfeling und Peter Attendorn. Johannes Geiler von Kaysersberg: Oratio in synodo Argentinensi. Jodocus Gallus: Oratio in synodo Spirensi. Epistola de miseria curatorum seu plebanorum. Fiktiver Briefwechsel zwischen Petrus Schmalz und Hartmannus Guot. Bartholomaeus Gribus: Monopolium philosophorum, vulgo Die Schelmenzunft. Jodocus Gallus: Monopolium et societas, vulgo des Leichtschiffs. Carmen de errore doctorum illustrium de consummatione seu fine huius saeculi diffinentium",36 Bl.
"Augustinus, Aurelius",1489,Basel,Explanatio psalmorum P. 1-3,P. 1: 164 Bl. - P. 2: 194 Bl. - P. 3: 192 Bl.
Alexander,17.03.1489,[Straßburg],Historia Alexandri Magni,38 Bl.
Baptista,21.07.1489,Bologna,In Robertum Severinatem panegyricum carmen,50 Blätter
Jacobus,1489,Straßburg,Legenda aurea sanctorum sive Lombardica historia,264 Bl.
Johannes,24.01.1489,Nürnberg,Mammotrectus super Bibliam,206 Bl.
"Gerson, Jean",1489,Nürnberg,Opera,P. 1: 240 Bl. - P. 2: 290 Bl. - P. 3: 400 Bl. - Inventarium: 52 Bl.
Bonaventura,31.10.1489,Straßburg,Opuscula,288 Bl.
"Berchorius, Petrus",04.02.1489,Nürnberg,Repertorium morale,P. 1: 300 Bl. - P. 2: 386 Bl. - P. 3: 300 Bl.
Petrus,29.11.1489,Basel,Sententiarum libri IV,280 Bl.
Johannes,1489,Straßburg,Sermones Dormi secure de tempore et de sanctis,200 Bl.
Johannes,28.06.1489,Basel,Sermones Dormi secure de tempore et de sanctis,P. 1: 156 Bl. - P. 2: 208 Bl.
Petrus,1489,Straßburg,Sermones thesauri novi de tempore,322 Bl.
Johannes,1489,Leipzig,Sphaera mundi,32 Bl.
,06.02.1489,Augsburg,Spiegel menschlicher Behaltniss,236 Blätter
Angelus,31.10.1489,Straßburg,Summa angelica de casibus conscientiae,388 Bl.
Johannes,25.05.1489,Straßburg,Summa collationum sive Communiloquium,80 Bl.
Thomas,24.12.1489,Venedig,"Summa theologiae, P. 1",190 Bl.
Richard,1489,Venedig,Super IV sententiarum,218 Blätter
,1489,Nürnberg,"Versehung von Leib, Seele, Ehre und Gut",182 Bl.
Raimund,28.03.1489,Mailand,Vita di S. Catarina da Siena,152 Bl.
,1489,[Reutlingen],Vocabularius ex quo,170 Bll.
"Pérault, Raimond",[um 1482],[Augsburg],Ablassbrief zum besten des Kampfes gegen die Türken,"1 Blatt, einseitig bedruckt"
Humbertus,[ca. 1488],[Ulm],Auslegung über Sankt Augustins Regel,206 Bl.
,08.02.1488,München,Beichtbüchlein,17 Bl.
"Accursius, Guilelmus",1488,[Straßburg],Casus longi super Institutis,84 Bl.
Antonin,1488,Straßburg,Confessionale Defecerunt scrutantes scrutinio,148 Bl.
"Maius, Johannes",1488,[Leipzig],De componendis versibus hexametro et pentametro,34 Bl.
"Boethius, Anicius Manlius Severinus",1488,[Köln],De consolatione philosophiae P. 1-2,126 Bl.
Gerardus,1488,[Straßburg],De spiritualibus ascensionibus P. 1-3,"104, 112, 88 Bl."
"Breydenbach, Bernhard von",22.04.1488,Augsburg,Die heiligen Reisen gen Jerusalem,194 Bll.
"Nider, Johannes",26.09.1488,Augsburg,Die vierundzwanzig goldenen Harfen,174 Blätter
Ortolf,09.06.1488,Augsburg,Ein arczney buch von allen gepräszten der menschen: wye man den helffen sol zu irer gesuntheyt vnd stercke,194 Blätter
"Schneevogel, Paul",nicht vor 1488,Leipzig,Epistolae breves,22 Bl.
"Rolevinck, Werner",1488,Straßburg,Fasciculus temporum,96 Bl.
"Avienus, Rufius Festus",25.10.1488,[Venedig],Flaviano Myrmeico v. c. suo salutem,[46 von 122] Bl.
Abū-Maʿšar Ǧaʿfar Ibn-Muḥammad,18.11.1488,Augsburg,Flores astrologiae,20 Blätter
,1488,[Heidelberg],Formulare und deutsch Rhetorica,90 Bl.
Thomas,1488,Augsburg,Imitatio Christi,48 Bl.
,[1488?],[Augsburg],"Klagen, Antworten und Urteile, gezogen aus geistlichen und weltlichen Rechten",180 Bl.
Jacobus,1488,Ulm,Legenda aurea sanctorum sive Lombardica historia,426 Bl.
,1488,Lübeck,Missale Aboense secundum ordinem fratrum praedicatorum,267 Bl.
,04.03.1488,Bamberg,Missale Olomucense,371 Bl.
"Gerson, Jean","Anno d[omi]nice nativitatis Mccclxxxviij, Mensis vero septembris ydus quarto [10.09.1488]",[Strassburg],Opera,230 ungezählte Blätter
"Gerson, Jean",1488,[Strassburg],Opera,50 ungezählte Blätter (A8B–G6.8)
Apuleius,09.08.1488,Vicenza,Opera,178 Bl.
"Breydenbach, Bernhard von",24.05.1488,Mainz,Peregrinatio in terram sanctam,188 Blätter
"Hyginus, Gaius Iulius",07.06.1488,Venedig,Poetica astronomica,56 Blätter
Johannes,19.05.1488,Heidelberg,Quaestiones super totum cursum logicae,184 Bl.
"Biel, Gabriel",1488,Reutlingen,Sacri canonis missae expositio,350 Bl.
Angelus,28.08.1488,Nürnberg,Summa angelica de casibus conscientiae,312 Bl.
Baptista,1488,Speyer,Summa casuum conscientiae,324 Bl.
Nikolaus,20.06.1488,Nürnberg,Supplementum Summae Pisanellae et Canones poenitentiales fratris Astensis,368 Bl.
,06.02.1487/88,Alost,Alphabetum divini amoris,48 Blätter
,1487,[Köln],Auctoritates Aristotelis et aliorum philosophorum,52 Bl.
,[25.05.]1487,Augsburg,"Biblia, dt.",801 Bl.
,09.10.1487,Basel,"Biblia, lat.",436 Bl.
Johannes,1487,Basel,Concordantiae Bibliae et Canonum,98 Bl.
"Cicero, Marcus Tullius",18.09.1487,Venedig,De inventione sive Rhetorica vetus,130 Bl.
"Cicero, Marcus Tullius",20.12.1487,Venedig,De officiis,158 Bl.
"Pomponius Laetus, Iulius",07.06.1487,Rom,De re militari,6 Blätter
"Landino, Cristoforo",1487,Gaeta,Formulario de epistole volgare,44 Blätter
Johannes,1487,Köln,Homiliae super Homiliae super Matthaeum,76 Bl.
Thomas,1487,Ulm,Imitatio Christi,192 Bl.
,1487,Stockholm,Missale  Strengense,275 Bl.
Paul,1487,Ingolstadt,Rhetorica pro conficiendis epistolis accomodata,24 Bl.
,[ca. 1487],Stockholm,Rituale Upsalense,94 Bl.
"Fliscus, Stephanus",1487,Straßburg,Sententiarum variationes sive Synonyma [lat.-deutsch],108 Bl.
"Augustinus, Aurelius",26.05.1487,Venedig,Sermones ad heremitas,134 Bl.
Paratus,1487,[Strassburg],Sermones de tempore et de sanctis,274 Bl.
Meffreth,14.02.1487,Nürnberg,Sermones de tempore et de sanctis sive Hortulus reginae,P. 1: 154 Bl. - P. 2: 202 Bl. - P. 3: 132 Bl.
Meffreth,20.01.1487,Basel,Sermones de tempore et de sanctis sive Hortulus reginae,P. 1: 232 Bl. - P. 2: 324 - P. 3: 198 Bl.
Petrus,1487,Straßburg,Sermones thesauri novi de tempore,330 Bl.
Angelus,30.10.1487,Venedig,Summa angelica de casibus conscientiae,414 Bl.
,1487,Reutlingen,Summa rudium,72 Bl.
"Fortunatianus, Consultus",[ca. 1496],[Venedig],Chirii Consulti Fortunatiani Dialectica,[12] Bl.
"Schedel, Hartmann",18.09.1496,Augsburg,"Chronica, deutsch",332 Blätter
Conradus,1496,Basel,Concordantiae bibliorum,463 Bl.
"Brutus, Jacobus",1496,Venedig,Corona aurea,208 Bl.
Jacobus,1496,Leipzig,De animabus exutis a corporibus sive De apparitionibus et receptaculis animarum,22 Bl.
"Brant, Sebastian",1496,[Basel],De monstroso ansere atque porcellis,1 Bl.
,19.07.1496,Venedig,Decisiones  rotae Romanae (I-III),228 Bl.
Gratianus,30.03.1496,Venedig,Decretum,338 Bll.
Alexander,20.09.1496,Nürnberg,Destructorium vitiorum,272 Bl.
Gregor,1496,Basel,Dialogorum libri quattuor,58 Bl.
Samuel,13.05.1496,Bologna,Epistola ad Rabbi Isaac seu rationes ad reprobandos Iudaeorum errores,28 Bl.
Pius,1496,Nürnberg,Epistolae familiares,348 Bl.
"Regiomontanus, Johannes",31.08.1496,Venedig,Epitoma in Almagestum Ptolemaei,110 Bl.
"Ovidius Naso, Publius",15.07.1496,Venedig,Heroides,96 Bl.
Jacobus,1496,Straßburg,Legenda aurea sanctorum sive Lombardica historia,264 Bl.
Bernhardin,26.06.1496,Straßburg,Mariale,378 Bl.
,1496,Augsburg,Missale Augustanum,258 ungezählte Blätter
Gregor,1496,Basel,Moralia sive Expositio in Job,364 Bl.
Guilelmus,1496,Nürnberg,Opera,282 Bl.
"Horatius Flaccus, Quintus",1496,Venedig,Opera,264 Bl.
"Petrarca, Francesco",1496,Basel,Opera latina,389 Bl.
"Wimpfeling, Jakob",[ca. 1496],[Speyer],Oratio querulosa contra invasores sacerdotum. Mit Widm. an Papst Alexander VI,8 Bl.
,20.09.1496,Basel,Passio S. Meinradi,14 Blätter
Gregor,15.02.1496,Basel,Pastorale sive Regula pastoralis,42 Bl.
Methodius,01.09.1496,[Augsburg],Revelationes divinae a sanctis angelis factae,46 Bl.
Eike,24.03.1496,Augsburg,Sachsenspiegel,254 Blätter
Bonaventura,12.03.1496,Straßburg,Sermones mediocres de tempore,188 Bl.
"Caracciolo, Roberto",05.01.1496,Offenburg,Sermones quadragesimales de peccatis,202 Bl.
Johannes,1496,Speyer,Speculum conscientiae et novissimorum,22 Bl.
,nicht nach 1496,Basel,Statuta synodalia Eystettensia cum statutis provincialibus Moguntinis,96 Bl.
Johannes,20.09.1496,Lyon,Summa de ecclesia,262 Bl.
Antonin,1496,Straßburg,Summa theologica P. 1-4,P. 1: 174 Bl. - P. 2: 226 Bl. - P. 3: 312 Bl. - P. 4: 258 Bl. - Tabula: 86 Bl.
Raimundus,21.01.1496,Straßburg,Theologia naturalis sive Liber creaturarum,162 Bl.
"Locher, Jakob",1496,[Basel],Theologica emphasis,26 Bl.
"Nestor, Dionysius",1496,Venedig,Vocabularius,152 Bl.
"Donatus, Aelius",[ca. 1495],Leipzig,Ars minor,32 Bl.
,27.10.1495,Basel,"Biblia, lat.",508 Bl.
,18.04.1495,Venedig,"Biblia, lat.",1512 Bl.
"Trithemius, Johannes",nach 14.08.1495,[Mainz],Catalogus illustrium virorum,88 Bll.
,04.05.1495,Köln,Concordantiae utriusque iuris [mit anonymem Kommentar],32 Bl.
"Boethius, Anicius Manlius Severinus",1495,Straßburg,De disciplina scholarium mit Komm.,76 Bl.
Thomas,[ca. 1495],[Köln],De eucharistia ad modum decem praedicamentorum sive De corpore Christi,22 Bl.
"Beroaldo, Filippo",01.04.1495,Bologna,De felicitate,20 Bl.
Johannes,1495,Mainz,De fraternitate et rosario beatae Mariae virginis,26 Bl.
Johannes,1495,Venedig,De orthographia dictionum e Graecis tractarum,188 Bl.
"Trithemius, Johannes",1495,Mainz,De proprietate monachorum,18 Bl.
"Lucretius Carus, Titus",04.09.1495,Venedig,De rerum natura,130 Blätter
"Trithemius, Johannes",1495,Mainz,De vanitate et miseria vitae humanae,22 Bl.
Jacobus,1495,Venedig,Expositio in primum librum Canonis Avicennae cum quaestionibus eiusdem,162 Bl.
Gregor,30.03.1495,Mainz,Expositio in septem psalmos poenitentiales,82 Blätter
,[ca. 1495],[Hagenau],Formularium instrumentorum,230 Bl.
Appianus,1495,Scandiano,Historia Romana,18 Bl.
Albrecht,1495,Basel,Margarita poetica,244 Bl.
"Campanus, Johannes Antonius",31.10.1495,Rom,Opera P. 1-7,P. 1: 16 Bl. - P. 2: 50 Bl. - P. 3: 56 Bl. - P. 4: 82 Bl. - P. 5: 8 Bl. - P. 6: 60 Bl. - P. 7: 32 Bl.
Bonaventura,1495,[Strassburg],Opuscula,"2 Bände, Band 1: 380 Blätter, Band 2: 370 Blätter"
Jacobus,31.07.1495,Prag,Pasionál čili Knihy o životech svatých,254 Blätter
Johannes,1495,Köln,Poeniteas cito,18 Bl.
Michael,11.07.1495,Mailand,Sermonarium per quadragesimam de commendatione virtutum et reprobatione vitiorum,266 Bl.
Bernhard,1495,Basel,Sermones de tempore et de sanctis,214 Bl.
Dionysius,28.01.1495,Nürnberg,Specula omnis status vitae humanae,118 Bl.
Angelus,1495,Straßburg,Summa angelica de casibus conscientiae,358 Bl.
Baptista,09.09.1495,Venedig,Summa casuum conscientiae,568 Bl.
"Brack, Wenceslaus",23.12.1495,Augsburg,Vocabularius rerum,56 Bl.
Alanus,1495,Augsburg,Von dem Psalter unserer lieben Frau,70 Bl.
Hippocrates,16.10.1494,Florence,"Aphorismi, sive Sententiae",98 Bl.
Diomedes,1494,Venedig [vielmehr Mailand],Ars grammatica [etc.],84 Bl.
,19.11.1494,Lübeck,"Biblia, niederdeutsch mit Glossen zu einzelnen Büchern nach den Postillen des Nicolaus de Lyra",492 Blätter
Lambertus,16.03.1494,[Köln],Copulata veteris artis Aristotelis,134 Bl.
Petrus,1494,Paris,De anima,36 Bl.
"Augustinus, Aurelius",1494,Freiburg im Breisgau,De civitate dei,256 Bl.
"Trithemius, Johannes",1494,Mainz,De laude scriptorum,20 Bl.
"Trithemius, Johannes",1494,Mainz,De laudibus s. Annae,32 Bl. a-d6 e8
"Trithemius, Johannes",1494,Mainz,De laudibus s. Annae,32 Bl. A-D6 E8
Alanus,1494,Leipzig,De planctu naturae,60 Bl.
"Sabellicus, Marcus Antonius",[ca. 1494],[Venedig],De situ urbis Venetae,58 Bl.
"Augustinus, Aurelius",1494,[Freiburg im Breisgau],De trinitate,80 Bl.
Gregor,15.05.1494,Basel,Decretales,508 Bl.
"Landsberger, Johannes",1494,[Leipzig],Dialogus recommendationis exprobationisque poetices,12 Bl.
Johannes,01.08.1494,Wien,Epigrammata,20 Bl.
Prosper,1494,Mainz,Epigrammata de virtutibus et vitiis,24 Bl.
"Schneevogel, Paul",1494,Leipzig,Epistolae longiores,22 Bl.
"Balthasar, Franz",1494,Leipzig,Expositio mysteriorum missae,24 Bl.
Appianus,22.10.1494,Reggio Emilia,Historia Romana P. 2,136 Bl.
"Quintilianus, Marcus Fabius",18.08.1494,Venedig,Institutiones oratoriae,248 Bl.
Bonifatius,01.09.1494,Basel,Liber sextus Decretalium P. 1-2,P. 1: 194. - P. 2: 94 Bl.
"Gresemund, Dietrich",1494,[Mainz],Lucubratiunculae,42 Bl.
"Institoris, Heinrich",17.03.1494,Nürnberg,Malleus maleficarum,146 Bl.
Johannes,1494,Straßburg,Mammotrectus super Bibliam,316 Bl.
,21.07.1494,Straßburg,Modus legendi abbreviaturas [u.a.],126 Bl.
"Gerson, Jean",1494,Straßburg,Opera,P. 1: 218 Bl. - P. 2: 258 Bl. - P. 3: 360 Bl. - Inventarium: 52 Bl.
Guilelmus,1494,Köln,Postilla super epistolas et evangelia,186 Bl.
,1494,Augsburg,"Psalterium, lat. und dt.",124 Bl.
"Durantis, Guilelmus",30.09.1494,Nürnberg,Rationale divinorum officiorum,306 Bl.
Nicolaus,1494-1495,[Straßburg],Sermones de tempore et de sanctis sive Viridarius,478 Bl.
Robertus,1494,Hagenau,Super sapientiam Salomonis,242 Bl.
"Melber, Johannes",[ca. 1494],Hagenau,Vocabularius praedicantium sive Variloquus,172 Bl.
,17.04.1493,Paris,Alphabetum divini amoris,36 Bl.
,1493,Nürnberg,"Biblia, lat.",P. 1: 424 Bl. - P. 2: 338 Bl. - P. 3: 318 Bl. - P. 4: 352 Bl.
,1493,[Nürnberg],"Biblia, lat.",402 Bl.
,1493,Augsburg,Breviarium Augustanum,"10, 2, 46, 128, 56, 32 (Pars hiemalis) Bll. 10, 4, 46, 174, 56 (Pars aestivalis) Bll."
"Cicero, Marcus Tullius",[vor 30.09.1465],[Subiaco],De oratore,109 Blätter
Thomas,[nicht nach 1463],Straßburg,"Summa theologiae P. 2,2",248 Bl.
,1462,Mainz,"Biblia, lat.","242, 239, insg. 481 Blätter"
Johannes,[1460 oder zwischen 1460 und um 1472],Mainz,Catholicon,373 Blätter
"Durantis, Guilelmus",06.10.1459,Mainz,Rationale divinorum officiorum,160 Blätter
,"[um 1458, nicht nach 1461]",Mainz oder Bamberg,"Biblia, lat., 36zeilig",P. 1 (Gn-Ps): 446 Bl. - P. 2 (Prv-Apc): 438 Bl.
,14.08.1457,Mainz,Psalterium cum canticis,175 Blätter
,[ca. 1454],Mainz,"Biblia, 42zeilig",P. 1: 324 Blätter - P. 2: 319 Blätter
,,[Lübeck],Buchdecke eines Ledereinbandes mit Blindprägung Holzdeckel mit Lederdecke und Makulaturresten,1 Buchdecke
"Richenbach, Johann",,Geislingen,"[Bucheinband-Fragment] [gotischer Bucheinband, Kalbleder mit Blinddruck Stempel und Schrift aus Einzelbuchstaben um Vorder- und Hinterdeckel:] Das buoch bij der schlicheri[n] suh[?] ha cz ingemacht Richenbach",ungez. leere Bl.
Albertanus,[1472 oder 1474],Basel,De arte loquendi et tacendi,10 Bl.
,,,[Einband in Silberfiligran über blauem Samt],
,,,"[Einbanddecke, dunkelrotes Maroquin mit schwarzer Bemalung und reicher Vergoldung ""à l'éventail""]",
Nicodemus,147X,[Augsburg],Evangelium,14 ungezählte Blätter
Nicolaus,149X,Paris,Exempla Sacrae Scripturae [Virtutum vitiorumque exempla],104 Bl.
Jacobus,147X,Augsburg,"Legenda aurea, deutsch. P. 1. (Winterteil). P. 2. (Sommerteil)","260 (P. 1), 213 (P. 2) Bll."
,149X,Passau,Missale Pataviense,367 Bl.
,[vor 1959],Peking,[Tuscheabreibung einer Bronzeinschrift],"1 Doppelblatt, aufgelegt auf Karton"
Alexander,,Nürnberg,Bibel der Armen,26 Bl.
Avicenna,[zwischen 1200 und 1300?],Südfrankreich oder Italien,"Canon medicinae [Makulatur einer Pergamenthandschrift, als Einbandbezug verwendet]",2 Blätter
,,Schwarzenberg,Dieses Buch handeld [!] von den 12 Himmelszeichen und dessen Planeden [!] als ihre Ober-Häupter in ihrer gehörigen Wandlung ...,[14] Bl.
,,Perugia @,Francs Fantaivtvs De Terra Bastiae diocesis Assisien. ... [Handschrift],22 Bl.
"Handel, Christian Otto",,[Halle bzw. Markt-Borau],[Sammelhandschrift],"[116] Bl., davon zahlr. unbeschr."
Henricus,,,Gebet von der heiligen Elisabeth,Bl. 209r - 259v
Johannes,,[südwestliches Sachsen],Composita verborum,Bl. 218-268
Johannes,,[südwestliches Sachsen],Cornutus,217 Bl.
"Pescheck, Christian",,Deutschland,Christian Peschecks So genannte Italiän- oder Welsche Practica [Abschrift],ungezählte Seiten
"Petrarca, Francesco",,[Norditalien],Epistola posteritati,2 Bl.
,1656,Wien,[Adelsbrief für Nikolaus Pfretschner],11 Bl.
"Schönfels, Oskar",,Beiersdorf,Tagebuch,156 Bl.
Theodoricus,,,Dis ist das Leben und die Legend der seligen Sanct Elysabethen des edlen Kunges Tochter von Ungarn die da gemehlet wart von Gottes Ordnung und Willen dem edlen Fürsten und Lantgrafen Ludwig von Thüringen,"204 Bl., Bl. 268r, 269r-v"
,,,Ein gebëtt von der hochgelobten himmel fúrstinnen vnd lantgrëfinen sanct Elysabeth,Bl. 204r - 206r
,,,"[Bibel, Handschrift und angebundene Inkunabel]",[432] Bl.
,,,Dis noch geschriben ist der sequencý Gaude Syon von der edlen kúnginen vnd heiligedn froewen sanct Elýsabeth Froewe dich syon dz do von dir yß ist gegangen die gezierde aller heilikeit,Bl. 206r - 208r
,,,Lob du tochter syon fröwe dich vnd erspring froelich,Bl. 259v - 262v
,,,Sanct Jheronimus vnd Sanct Augustinus sprechent …,Bl. 263v
,,,"[Über den Tod von Margarethe von Ungarn, Bruder Hermann (Dominikaner), Hedwig von Schlesien, Johannes von Wildeshausen]",Bl. 263r - 268v
,,Konstantinopel [?],[Quattuor evangelia],"I, 270 Bl."
,,Konstantinopel [?],[Quattuor evangelia],"III, 242 Bl."
,,[Speyer u.a.],Konvolut von Inkunabelblättern (Fragmente),[24] Blätter mit aufgelegten Fragmenten
,,,"Sammelband mit zwei Inkunabeln, gedruckt von Friedrich Creussner in Nürnberg",Band mit angebundenem Werk
,,Freiburg im Breisgau,[Hagiographische Sammelhandschrift mit Texten zur Heiligen Elisabeth von Thüringen],277 Bl.
,,,Vocabularius Ex quo [grammatikalisch-juristische Sammelhandschrift],279 Bl.
,,[südwestliches Sachsen],[Juristische Merktexte] Modus legendi abbreviaturas.  Ius canonicum traditur in quatuor. Alphabetum iuris canonici. Modus allegandi iura in canonibus. De allegationibus civilibus. De libris iuris canonici. [Schemata zum Aufbau der Bücher des kanonischen Rechts],Bl. 269-279
,,[Bistum Troyes],"[Kalendarium eines französischen Stundenbuches, Bistum Troyes]",[12] Bl.
,,,[Mittelalterliche Sammelhandschrift],142 Bl.
"Augustinus, Aurelius",[ca. 1480],[Köln],De sancta virginitate,22 Bl.
Jacobus,1480,Venedig,De urbis Collosensis obsidione a. 1480 a Turcis tentata,8 Bl.
Gratianus,1479 = 1480,Venedig,Decretum,418 ungezählte Blätter
Samuel,1480,[Neapel],Epistola ad Rabbi Isaac seu rationes ad reprobandos Iudaeorum errores,40 Bl.
,23.08.1480,Gouda,Gesta Romanorum,144 Blätter
Franciscus,21.03.1480,Venedig,Grammatica,247 Bl.
"Quintilianus, Marcus Fabius",[ca. 1480],[Venedig],Institutiones oratoriae,202 Bl.
,[ca. 1480],[Mainz],Klagen und nützliche Lehre aus gemeinen beschriebenen Rechten der kaiserlichen Gesetze,236 Bl.
"Ovidius Naso, Publius",01.02.1480,Pinerolo,Metamorphoses,172 Blätter
Gregor,14.06.1480,Venedig,Moralia sive Expositio in Job,348 Bl.
"Cyprianus, Thascius Caecilius",[ca. 1480],[Deventer],Opera,220 Bl.
Petrus,1480,Speyer,Quaestiones super libros Sententiarum,178 Bl.
"Durantis, Guilelmus",19.04.1480,Nürnberg,Rationale divinorum officiorum,199 Bl.
Johannes,1480,Ulm,Scala coeli,168 Bl.
Konrad,1480,Deventer,Sermones de tempore,360 Blätter
"Nider, Johannes",1480,[Reutlingen],Sermones de tempore et de sanctis cum quadragesimali,266 Bl.
Hermannus,1480,Nürnberg,Speculum sacerdotum,10 Bl.
,16.08.1480,Paris,Summa in virtutes cardinales,296 Bl.
Antonin,28.06.1480,Venedig,"Summa theologica, P. 1-4",323 Blätter
Antonin,18.04.1480,Venedig,"Summa theologica, P. 1-4",374 Blätter
Paulus,20.07.1480,Ferrara,Super secunda parte Infortiati,220 Bl.
Raimundus,1480,Deventer,"Theologia naturalis, sive liber creaturarum",256 Bl.
,[ca. 1480],[Köln],Tractatus brevis et utilis de statu canonissarum seu mulierum quae vulgariter appellantur canonicae,6 Bl.
Aesopus,1480,Augsburg,"Vita et Fabulae Prosabearbeitung des Romulus nebst Vita in der Übers. des Rinucius und Fabeln aus anderen Sammlungen, lat. Mit der deutschen Übers. von Heinrich Steinhöwel","170 Blätter, 35–36 Zeilen"
"Nepos, Cornelius",[ca. 1480],[Mailand],"Vitae imperatorum, sive De vita illustrium virorum",58 Bl.
,1479,Würzburg,Breviarium Herbipolense,"6, 4, 32, 4, 24, 70, 67, 146 Bl."
Klemens,07.06.1479,Venedig,Constitutiones,82 Bl.
Justinian,1479,Padua,Corpus iuris civilis. Digestum novum,356 Bll.
"Augustinus, Aurelius",25.03.1479,Basel,De civitate dei,248 Bl.
"Cicero, Marcus Tullius",1479,Venedig,De inventione sive Rhetorica vetus,"P. 1 (De inventione): 49 Bl. , P. 2 (Rhetorica): 48 Bl."
Johannes,13.01.1479,Vicenza,De orthographia dictionum e Graecis tractarum,346 Bl.
Gregor,10.03.1479,Mainz,Decretales,305 Bl.
Gregor,08.05.1479,[Venedig],Decretales,314 Bl.
Eusebius,1479,Mantua,Historia ecclesiastica,172 Bl.
Hubertinus,1479,Vicenza,In epistolas ad familiares Ciceronis commentum,298 S.
Johannes,23.09.1479,Venedig,Mammotrectus super Bibliam,260 Bl.
Johannes,03.09.1479,[Mainz],Meditationes,50 Blätter
,30.06.1479,Utrecht,Plenarium Epistolae et Evangelia,336 Blätter
"Nider, Johannes",1479,[Reutlingen],Praeceptorium divinae legis sive Expositio decalogi,262 Bl.
Michael,29.05.1479,Basel,Sermonarium de peccatis per adventum et per duas quadragesimas,P. 1: 174 Bl. - P. 2: 100 Bl.
Bonaventura,1479,Zwolle,Sermones de tempore et de sanctis,344 Bl.
Leonardus,23.06.1479,Speyer,Sermones quadragesimales de legibus dicti,350 Bl.
Pacificus,24.03.1479,Mailand,Sommola di pacifica coscienza,244 Bl.
Astesanus,31.08.1479,Köln,Summa de casibus conscientiae,516 Bl.
Guilelmus,1479,[Köln],Summa de vitiis,308 Bl.
Thomas,1479,Venedig,"Summa theologiae, P. 2,2",332 Bl.
Antonin,29.04.1479,Nürnberg,Summa theologica,338 Bl.
,[nicht vor 1479],[Esslingen],Titel der Gesetze der neuen Reformation der Stadt Nürnberg 1479 fürgenommen,24 Blätter
Antonius,[ca. 1478],[Köln],Biblia aurea,114 Bl.
,[um 1478],Köln,Biblia niederdeutsch,542 Blätter
,1478,Venedig,"Biblia, lat.",456 Bl.
,[um 1478],Köln,"Biblia, niederdeutsch",544 Blätter
,1478,Köln,"Biblia, niederdt.",544 Bl.
"Brandis, Lucas",[ca. 1478],[Lübeck],"Bücheranzeige (für sechzehn Bücher) von Lukas Brandis, niederdt.",1 Bl.
"Brandis, Lucas",[ca. 1478],[Lübeck],"Bücheranzeige, lat.",1 Bl.
Bartholomaeus,21.11.1478,Mailand,Confessionale,174 Bl.
Robertus,[ca. 1478],[Perugia],De astrolabio canones,42 Bl.
,20.11.1478,Augsburg,Der Seelentrost,176 Blätter
Justinian,1478,Venedig,Digestum vetus,404 Bl.
"Cicero, Marcus Tullius",1478,Mailand,Epistolae ad familiares,136 Bl.
Petrus,12.02.1478,Nürnberg,Glossa magistralis Psalterii,338 Bl.
Bartholomaeus,25.05.1478,Mainz,Interrogatorium sive confessionale,152 Bl.
Johannes,1478,Nürnberg,Lectura super arboribus consanguinitatis et affinitatis,10 Bl.
"Lactantius, Lucius Caecilius Firmianus",1478,Venedig,Opera,214 Bl.
"Sallustius Crispus, Gaius",1478,[Torrebelvicino],Opera,52 Bl.
"Cicero, Marcus Tullius",[um 1478],[Mailand],Orationes,"T. 1: 160 Blätter, Teil 2: 150 Blätter"
Guilelmus,1478,[Reutlingen],Postilla super epistolas et evangelia,230 Bl.
Paulus,07.01.1478,Mainz,Scrutinium scripturarum,218 Bl.
Paulus,07.01.1478,Mainz,Scrutinium scripturarum,217 Blätter
Konrad,nicht nach 1478,[Reutlingen],Sermones de sanctis,248 Bl.
Albertus,1478,Reutlingen,Sermones de tempore et de sanctis,198 Bl.
"Ebendorfer, Thomas",13.12.1478,[Straßburg],Sermones dominicales super epistolas Pauli,P. 1: 356 Bl. - P. 2: 352 Bl.
Johannes,1478,Venedig,Sphaera mundi,48 Bl.
Antonin,17.10.1478,Nürnberg,Summa theologica,254 Bl.
Antonin,26.01.1478,Nürnberg,Summa theologica,464 Bl..
Bartolus,1478,Venedig,Super II. parte Infortiati,238 Bl.
Bartolus,28.03.1478,Venedig,Super I. parte Infortiati,222 Bll.
Nikolaus,27.06.1478,Nürnberg,Supplementum Summae Pisanellae et Canones poenitentiales fratris Astensis,324 Bl.
"Wyle, Niklas von",nach 05.04.1478,[Esslingen],Translationen etlicher Bücher,252 Bl.
Plutarchus,02.01.1478,Venedig,Vitae illustrium virorum,459 Bl.
,1478,Augsburg,"Vocabularius, lat. und dt.",126 Bl.
Antonius,ca. 1477,[Augsburg],Biblia aurea,116 Bl.
,1477,Augsburg,"Biblia, deutsch",2 Bände (321 und 332 Blätter)
Bonaventura,1477,Treviso,Commentarius in secundum librum Sententiarum Petri Lombardi,334 Bl.
"Gerson, Jean",[ca. 1477],[Augsburg],Conclusiones de diversis materiis moralibus sive De regulis mandatorum,26 Bl.
,31.05.1477,Venedig,Corpus iuris civilis. Digesta Iustiniani. Infortiatum,338 Bl.
"Bracellus, Jacobus",[ca. 1477],[Mailand],De bello Hispano,86 Bl.
"Augustinus, Aurelius",1477,Neapel,De civitate dei,298 Bl.
Thomas,[ca. 1477],[Köln],De corpore Christi (Pseudo-). Expositio orationis dominicae,30 Bl.
"Urdemann, Heinrich",14.06.1477,Rheinstein (Fautsberg),"Dialogus inter Hugonem, Catonem, et Oliverium super libertate ecclesiastica",14 Bl.
Antonius,[ca. 1477],Augsburg,Die güldene Bibel,218 Bl.
"Rolevinck, Werner",24.11.1477,Speyer,Fasciculus temporum,74 Bl.
Appianus,1477,Venedig,Historia Romana P. 1-2,P. 1: 132 Bl. - P. 2: 212 Bl.
Albrecht,1477,[Strassburg],Jüngerer Titurel,309 Blätter
"Berchorius, Petrus",17.03.1477,[Köln],Liber Bibliae moralis,426 Bl.
"Maius, Iunianus",1477,Treviso,Liber de priscorum proprietate verborum,330 Blätter
Justinian,21.08.1477,Mainz,Novellae constitutiones,P. 1: 169 Bl. - P. 2: 36 Bl. - P. 3: 96 Bl.
Antonius,12.05.1477,Vicenza,Quaestiones super duodecim libros Metaphysicae Aristotelis,116 Bl.
"Durantis, Guilelmus",1477,Basel,Rationale divinorum officiorum,207 Bl.
"Herolt, Johannes",25.03.1477,Köln,Sermones Discipuli,"4 Teile: 524, 150, 174, 36 ungezählte Blätter"
,16.04.1493,Nürnberg,Breviarium Lincopense,"18, 74, 168, 184 Bl."
Guido,1493,Venedig,Cirogia,118 Bl.
"Farġānī, Aḥmad Ibn-Muḥammad al-",03.09.1493,Ferrara,Compilatio astronomica,30 Bl.
"Schedel, Hartmann",23.12.1493,Nürnberg,Das Buch der Croniken und Geschichten,297 Bl.
Albertus,1493,Straßburg,De laudibus Mariae,300 Bl.
"Trithemius, Johannes",1493,[Mainz],"De republica ecclesiae et monachorum ordinis divi patris Benedicti, Köln, 1. September 1493",10 Bl.
"Trithemius, Johannes",nach 21.04.1493,[Mainz],De statu et ruina monastici ordinis,32 Bl.
Vincentius,1493,Magdeburg,De vita spirituali,20 Bl.
"Gerson, Jean",08.11.1493,Paris,De vita spirituali animae,76 Bl.
Gratianus,13.06.1493,Basel,Decretum,520 Bll.
"Wimpfeling, Jakob",nach 16.10.1493,[Mainz],Elegantiarum medulla oratoriaque praecepta,34 Bll.
"Augustinus, Aurelius",1493,Basel,Epistolae,328 Bl.
"Seneca, Lucius Annaeus",26.06.1493,Leipzig,Epistolae,48 Bl.
Valerius,30.04.1493,Venedig,Facta et dicta memorabilia,210 Bl.
"Cavalca, Domenico",04.09.1493,Florenz,Frutti della lingua,90 Blätter
"Quintilianus, Marcus Fabius",17.07.1493,Venedig,Institutiones oratoriae,206 Bl.
Christophorus,30.03.1493,Pavia,Lectura super I.-III. libro Institutionum,132 Bl.
"Schedel, Hartmann",12.07.1493,Nürnberg,Liber chronicarum,326 Bl.
Guido,1493,Straßburg,Manipulus curatorum,112 Bll.
,17.08.1493,Augsburg,Missale  Brixiense,240 Bl.
,03.04.1493,Mainz,Missale Moguntinum,304 Bll.
,[ca. 1493],[Nürnberg],Missale Ratisponense,Blätter [Gesamtzahl unbekannt]
"Bosso, Matteo",20.07.1493,Bologna,Recuperationes Faesulanae,"72, 112, (insg. 184) Bl."
"Bosso, Matteo",28.10.1493,Bologna,Recuperationes Faesulanae,166 Bl.
Petrus,1493,Nürnberg,Roseum memoriale divinorum eloquiorum,56 Blätter
"Augustinus, Aurelius",[ca. 1493],[Straßburg],Sermones ad heremitas. [Enth. außerdem:] Homiliae duae,108 Bl.
Bernardinus,1493,Nürnberg,Sermones de festivitatibus Virginis gloriosae,108 Blätter
Petrus,1493,Straßburg,Sermones thesauri novi de sanctis,256 Bl.
"Riedrer, Friedrich",11.12.1493,Freiburg im Breisgau,Spiegel der wahren Rhetorik,188 Bl.
"Barbier, Jean",1493,[Straßburg],Viatorium utriusque iuris,250 Bl.
"Cavretto, Pietro",1492,Treviso,Anterotica sive De amoris generibus,104 Bl.
,03.11.1492,Straßburg,"Biblia, lat.",384 Bl.
"Harderwijk, Gerardus de",30.XI.1492,[Köln],Commentum in sex tractarus Summularum logicalium Petri Hispani. Darin: Commentum tractatus correspondentis libro Posteriorum Aristotelis,184 Bl.
Antonin,1492,Straßburg,Confessionale Defecerunt,148 Bll.
Gerardus,1492,Köln,Cordiale quattuor novissimorum mit Exempla,42 Bl.
"Bote, Conrad",06.03.1492,Mainz,Cronecken der Sassen,284 Blätter
Bartholomaeus,20.06.1492,Nürnberg,De proprietatibus rerum,200 Bl.
"Petrarca, Francesco",17.11.1492,Cremona,De remediis utriusque fortunae,166 Bl.
Otto,,,Die vierundzwanzig Alten oder der goldene Thron,128 Blätter
,,[Köln],"Druckersignet von Ulrich Zell Maria mit Kind auf einer steinernen Bank sitzend, umrahmt von Säulen und gotischem Maßwerk, oben links und rechts Wappen, am unteren Bildrand in Fraktur: Impressum Colonie apud Lijskirchen","1 Bl., ausgeschnitten, auf Karton aufgelegt"
"Rolevinck, Werner",nach 07.11.1492,[Straßburg],Eyn bürdlin der zeyt,142 Blätter
,19.12.1492,Augsburg,Leben der heiligen Altväter,284 Blätter
Jacobus,09.08.1492,Straßburg,Legenda aurea sanctorum sive Lombardica historia,264 Bl.
,[um 1492],Bamberg,Missale Ratisponense,370 Blätter
,24.08.1492,Nürnberg,Missale Salisburgense,390 (?) Bl.
Ambrosius,1492,Basel,Opera,268 ungezählte Blätter
Ambrosius,1492,Basel,Opera,302 ungezählte Blätter
Ambrosius,1492,Basel,Opera,290 ungezählte Blätter
"Vergilius Maro, Publius",1492,Nürnberg,Opera,354 Bl.
"Iustinianus, Bernardus",[ca. 1492],Venedig,Orationes et epistolae,66 Bl.
Johannes,12.03.1492,Köln,Poeniteas cito,18 Bl.
Aristoteles,08.03.1492,Köln,Politica,126 Bl.
Nicolaus,1492,Memmingen,Repertorium in postillam Nicolai de Lyra super vetus et novum testamentum,124 Bl.
Thomas,1492,Basel,Scripta ad Hanibaldum episcopum super quattuor libros Sententiarum,154 Bl.
Maximilian,1492,[Antwerpen],"Turandement van der munten [Münzvertrag,  Löwen, 10.IV.1491, d.i. 10.4.1492] [GW]",[4] Bl.
"Leeu, Gerard",[ca. 1491],[Antwerpen],"Bücheranzeige zu ""Meluzyne""",1 Bl.
Antonin,1491,Nürnberg,Chronicon,"3 Bände, Band 1: 292 Blätter, Band 2: 328 Blätter, Band 3: 340 Blätter"
"Socini, Mariano",1491,Lucca,De instantia,10 Bl.
"Martialis, Marcus Valerius",29.03.1491,Venedig,Epigrammata,170 Bl.
"Cassiodorus, Flavius Magnus Aurelius",1491,Basel,Expositio in Psalterium,340 Bl.
"Tostado Ribera, Alfonso",30.09.1491,Sevilla,"Floretum S. Matthaei, I. u. II","Pt. 1: 270 Blätter, Pt. 2: 272 Blätter"
,23.06.1491,Mainz,Hortus sanitatis,454 Bl.
Guilelmus,1491,Venedig,La ciroxia vulgarmente fata,46 Bl.
Dante,03.03.1491,Venedig,La Commedia,302 Bl.
Philippe,20.03.1491,[Lyon],Le songe du vergier,168 Bl.
Bonifatius,1491,Venedig,Liber sextus Decretalium,"104 (P. 1), 58 (P. 2) Bll."
Aristoteles,22.10.1491,Venedig,Meteorologica,78 Bl.
,1491,Augsburg,Missale Augustanum,258 Bl.
Johannes,09.03.1491,Venedig,Novella super VI. Decretalium,160 Bl.
Aristoteles,[ca. 1491],[Köln],Oeconomica,6 Bl.
Anselm,27.03.1491,Nürnberg,Opera,182 Bl.
Plato,13.08.1491,Venedig,"Opera, lat.",448 Bl.
"Augustinus, Aurelius",11.08.1491,Straßburg,Opuscula plurima,274 Bl.
"Philelphus, Franciscus",28.03.1491,Venedig,Orationes cum quibusdam aliis eiusdem operibus,166 Bl.
Johannes,1491,[Köln],Quaestiones super libros Ethicorum Aristotelis cum textu,126 Bl.
Guilelmus,1491,[Freiburg im Breisgau],Rhetorica divina,58 Bl.
"Fridolin, Stephan",08.11.1491,Nürnberg,Schatzbehalter der wahren Reichtümer des Heils,354 Bl.
Petrus,1491,Nürnberg,Sententiarum libri IV,P. 1: 204 Bl. - P. 2: 260 Bl. - P. 3: 218 Bl. - P. 4: 272 Bl. - Tabula: 112 Bl.
Ephraem,1491,[Freiburg im Breisgau],Sermones,20 Bl.
Petrus,1491,Straßburg,Sermones quadragesimales Thesauri novi,136 ungezählte Blätter
Petrus,1491,Strassburg,Sermones Thesauri novi de sanctis,254 ungezählte Blätter
Nicolaus,1490,[Straßburg],Biblia pauperum,40 Bll.
"Burlaeus, Gualterus",1490,Augsburg,Buch von dem Leben und Sitten der heydnischen Maister,164 Bl.
Bartholomaeus,25.02.1490,[Straßburg],Cautelae,86 Bl.
"Ptolemaeus, Claudius",04.11.1490,Rom,Cosmographia,"120 Bl., 27 Kt."
"Augustinus, Aurelius",13.02.1490,Basel,De civitate dei,268 Bl.
Petrus,1490,Mainz,De conceptione virginis Mariae,40 Bl.
Thomas,[ca. 1490],Köln,De corpore christi,22 Bl.
"Maius, Iunianus",23.02.1490,[Venedig],De priscorum proprietate verborum,348 Bl.
"Augustinus, Aurelius",1490,Basel,De trinitate,86 Bl.
Gratianus,1490,[Strassburg],Decretum,254 Blätter
Reinerus,nach 01.04.1490,Basel,Fagifacetus sive De moribus et facetiis mensae,20 Bl.
Jacobus,16.08.1490,Straßburg,Legenda aurea sanctorum sive Lombardica historia,264 Bl.
"Herolt, Johannes",1490,Straßburg,Liber Discipuli de eruditione Christifidelium,136 Bl.
"Institoris, Heinrich",1490,[Speyer],Malleus maleficarum,102 Bl.
,[ca. 1490],Erfurt,Modus veniendi ad amorem b. Mariae virginis,1 Bl.
"Lactantius, Lucius Caecilius Firmianus",21.04.1490,Venedig,Opera,148 Bl.
Aristoteles,1490,[Leipzig],Parva naturalia,34 Bl.
Albertus,1490,Brescia,"Philosophia pauperum sive Isagoge in libros Aristotelis physicorum, de caelo et mundo, de generatione et corruptione, meteororum et de anima [Version B]",54 Bl.
,[ca. 1490],Ingolstadt,Psalterium cum canticis,137 Bl.
